smiles,label
C=CC=CC=CC=CC=CC=CC=CC=CC=CC=CC=CC=CC=CC=CO[SH]1CCSCCSCCSCCSCCSCCSCCSCCSCC1,False
CC=CC=CC=CC=CC=CC=CC=CC=CC(=O)C=CCC=CC=CO[SH]1CCSCCSCCSCCSCCSCCSCCSCCSCC1,False
C=CC=CC=CC=CC=CC=CC=CC=CC=CC=CC=CC=CC=CO[SH]1CCSCCSCCSCCSCCSCCSCCSCCSCC1,False
C=CC=CC=CC=CC(C)=CC=COC(=O)OCCCCCC[SH]1(=C)CCSCCSCCSCCSCCSCCSCCSCCSCC1,False
C=S1(CC=O)(OC=C(O)C=C(O)COCOCOC=CO)CCSCCSCCSCCSCCSCCSCCSCCSCC1,False
O=CS1(O)CCSCCSCCSCCSCCSCCSCCSCCSCC1,False
C=C(C=O)C=CC=CC=CC(=O)CCCCCC[SH]1(=C)CCSCCSCCSCCSCCSCCSCCSCCSCC1,False
C=S1(CC=O)(OC=C(O)C(O)COCOC=COCCC)CCSCCSCCSCCSCCSCCSCCSCCSCC1,False
C=CC=CC=CC=CC(C)=CC=COC(=O)CCCCCCC[SH]1(=C)CCSCCSCCSCCSCCSCCSCCSCCSCC1,False
CSC=CC(C)=CC=CC=CC=CC=CC=CC=CCC=CC=CC=CO[SH]1CCSCCSCCSCCSCCSCCSCCSCCSCC1,False
O=COO[SH]1CCSCCSCCSCCSCCSCCSCCSCCSCC1,False
CSC=CC=CC=CC=CC=CC=CC=CC=CC=CC=CC=CC=CC=CO[SH]1CCSCCSCCSCCSCCSCCSCCSCCSCC1,False
C=CC=CC=CC=CC(O)=CC=COC(=O)OCCCCCC[SH]1(=C)CCSCCSCCSCCSCCSCCSCCSCCSCC1,False
C=CC(=O)C(S)=COC(=O)CCCCCC[SH]1(=C)CCSCCSCCSCCSCCSCCSCCSCCSCC1,False
C=CC=CC=COCC(F)=COC(=O)OCCCCCC[SH]1(=C)CCSCCSCCSCCSCCSCCSCCSCCSCC1,False
C=[SH]1(CCCCCCC(=O)C=CC=CC=CC=CC=CC=O)CCSCCSCCSCCSCCSCCSCCSCCSCC1,False
C(C=CC=CC=CC=CC=Cc1ccccc1)=CC=CC=CC=CC=CO[SH]1CCSCCSCCSCCSCCSCCSCCSCCSCC1,False
C=[SH]1(CCCCCCC(=O)C=CC=CC=CC=CC=CC=CC)CCSCCSCCSCCSCCSCCSCCSCCSCC1,False
C=[SH]1(CCCCCCCC(=O)C=C(C)C=CC=CC=CC=O)CCSCCSCCSCCSCCSCCSCCSCCSCC1,False
C=CC=CC=CC=CC=CC=CC=CC=CC=CC=CCC=CC=CC=CO[SH]1CCSCCSCCSCCSCCSCCSCCSCCSCC1,False
C=S1(CC=O)(OC=C(O)C=C(O)COCOCOC)CCSCCSCCSCCSCCSCCSCCSCCSCC1,False
CC=CCC1C=CC=CC1=CC=CC=CC=CCC=CC=CC=CO[SH]1CCSCCSCCSCCSCCSCCSCCSCCSCC1,False
O=C(C=CC=CC=CC=CC=CC=CC=CO)C=CCC=CC=CO[SH]1CCSCCSCCSCCSCCSCCSCCSCCSCC1,False
C=[SH]1(CCCCCCOC(C=O)CC=CC=CC=CC=CC)CCSCCSCCSCCSCCSCCSCCSCCSCC1,False
CC=CC=CSC1C=CC=CC1=CC=CC=CC=CCC=CC=CC=CO[SH]1CCSCCSCCSCCSCCSCCSCCSCCSCC1,False
C=S1(CC=O)(OC=C(O)C(O)COCOC=COC=CO)CCSCCSCCSCCSCCSCCSCCSCCSCC1,False
C=CC=CC=CC(O)=CC=COC(=O)OCCCCCC[SH]1(=C)CCSCCSCCSCCSCCSCCSCCSCCSCC1,False
CC=CC1C=CC=CC1=CC=CC=CC=CC=CCC=CC=CC=CO[SH]1CCSCCSCCSCCSCCSCCSCCSCCSCC1,False
CC1C=CC=CC1=CC=CC=CC=CC=CC=CC=CC=CC=CC=CO[SH]1CCSCCSCCSCCSCCSCCSCCSCCSCC1,False
C(=CC=CC=CC=C1C=CC=CC1)C=CC=CC=CCC=CC=CC=CO[SH]1CCSCCSCCSCCSCCSCCSCCSCCSCC1,False
CCC(O)=CC=CC=CC=CC=CC=CCC=CC=CC=CO[SH]1CCSCCSCCSCCSCCSCCSCCSCCSCC1,False
C=CCOCOCOCC(O)=CC(O)=COS1(=C)(CC=O)CCSCCSCCSCCSCCSCCSCCSCCSCC1,False
C=CCCOCOC=COCOCC(O)=COS1(=C)(CC=O)CCSCCSCCSCCSCCSCCSCCSCCSCC1,False
C=[SH]1(CCCCCCCC(=O)C=C(C)C=CC=CC=CC=O)CCSCCSCCSCCSCCSCCSCCSCCSCC1,False
CCC=CC=CC=CC=CC=CC=CC=CCC=CC=CC=CO[SH]1CCSCCSCCSCCSCCSCCSCCSCCSCC1,False
C=C=CC=CC=CC=CC=CC=CC=CC=CC=CC=CC=CC=CC=CO[SH]1CCSCCSCCSCCSCCSCCSCCSCCSCC1,False
C=[SH]1(CCCCCCC(=O)OC=C(S)C(=O)OC)CCSCCSCCSCCSCCSCCSCCSCCSCC1,False
C=COCOCOCC(O)=CC(O)=COS1(=C)(CC=O)CCSCCSCCSCCSCCSCCSCCSCCSCC1,False
CC1C=CC=CC1=CC=CC=CC=CC=CCC=CC=CC=CO[SH]1CCSCCSCCSCCSCCSCCSCCSCCSCC1,False
CCC(=CC=CC=CC=CC=CC=CCC=CC=CC=CO[SH]1CCSCCSCCSCCSCCSCCSCCSCCSCC1)CC,False
CCC=CC=CC=CC=CC=CC=CC=CCC=CC=CC=CO[SH]1CCSCCSCCSCCSCCSCCSCCSCCSCC1,False
C=S1(CC=O)(OC=C(O)C(O)COCOC=COC)CCSCCSCCSCCSCCSCCSCCSCCSCC1,False
C=CCCCOCOC=COCOCC(O)=COS1(=C)(CC=O)CCSCCSCCSCCSCCSCCSCCSCCSCC1,False
C=CC1C=CC=CC1=CC=CC=CC=CC=CCC=CC=CC=CO[SH]1CCSCCSCCSCCSCCSCCSCCSCCSCC1,False
CC=CC=CC=CC=CC=CC=CC=CC=CC=CC=CCC=CC=CC=CO[SH]1CCSCCSCCSCCSCCSCCSCCSCCSCC1,False
C=CC=CC=CC=CC=CC=CC=CC=CC=CC(=O)CCCCCC[SH]1(=C)CCSCCSCCSCCSCCSCCSCCSCCSCC1,False
COC=CC=CC=CC=CC=CC=CC=CC=CC=CC=CC=CC=CC=CO[SH]1CCSCCSCCSCCSCCSCCSCCSCCSCC1,False
C=CC(C)=CC=CC=CC=CC=COC(C)=CCC(C)CCCCCC(=O)N1CCCCN(C(=O)CCCCOC)C1,False
C=CC=CC=CC=CC=CC=CC=COC(C)=CCC(C)CCCCCC(=O)N1CCCCN(C(=O)CCCCOC)C1,False
COCCCCC(=O)N1CCCCN(C(=O)CCCCCC(C)CC=C(C)OC=CC=CC=CC=CC=C(C)C)C1,False
COCCCCC(=O)N1CCCCN(C(=O)CCCCCC(C)CC=C(C)OC=CC=CC=CC=CC=C(C)OC)C1,False
COCCCCC(=O)N1CCCCN(C(=O)CCCCCC(C)CC=C(C)OC=CC=CC=CC=CC(=O)N=O)C1,False
COCCCCC(=O)N1CCCCN(C(=O)CCCCCC(C)CC=C(C)Cl)C1,False
C=CC=CC(C)=CC=CC=CC=COC(C)=CCC(C)CCCCCC(=O)N1CCCCN(C(=O)CCCCOC)C1,False
C=CC=CC=CC=CC=CC=COC(C)=CC=CCC(C)CCCCCC(=O)N1CCCCN(C(=O)CCCCOC)C1,False
C=CC(C)=CC=CC=CC=COC(C)=CCC(C)CCCCCC(=O)N1CCCCN(C(=O)CCCCOC)C1,False
COCCCCC(=O)N1CCCCN(C(=O)CCCCCC(C)CC=C(C)OC=CC=CC=CC=CC=C(C)C=N)C1,False
CC=CC=CC=CC=CC=CC=COC(C)=CCC(C)CCCCCC(=O)N1CCCCN(C(=O)CCCCOC)C1,False
COCCCCC(=O)N1CCCCN(C(=O)CCCCCC(C)CC=CC=C(C)OCOC=O)C1,False
CC=CC=CC=CC=CC=CC=CC=COC(C)=CCC(C)CCCCCC(=O)N1CCCCN(C(=O)CCCCOC)C1,False
CNC(C)=CC=CC=CC=CC=COC(C)=CCC(C)CCCCCC(=O)N1CCCCN(C(=O)CCCCOC)C1,False
COCCCCC(=O)N1CCCCN(C(=O)CCCCCC(C)CC=C(C)OC=CC=CC=CC=CC=C(C)NN)C1,False
COCCCCC(=O)N1CCCCN(C(=O)CCCCCC(C)CC=C(C)OC=CC=CC=CC=CC=CC(N)=O)C1,False
C=CC=CCC=CC=CC=CCC=COC(C)=CCC(C)CCCCCC(=O)N1CCCCN(C(=O)CCCCOC)C1,False
COCCCCC(=O)N1CCCCN(C(=O)CCCCCC(C)CC=C(C)OC=O)C1,True
CC=CC=CC=CC=CC=CCC=COC(C)=CCC(C)CCCCCC(=O)N1CCCCN(C(=O)CCCCOC)C1,False
COCCCCC(=O)N1CCCCN(C(=O)CCCCCC(C)CC=CC=CC=CC=C(C)C=CC=CC=C(C)C)C1,False
COCCCCC(=O)N1CCCCN(C(=O)CCCCCC(C)CC=C(C)OC=CC=Cc2ccccc2C)C1,False
COCCCCC(=O)N1CCCCN(C(=O)CCCCCC(C)CC=C(C)OC=CC=CC=CC=CC=CC=O)C1,False
CC=CC=CC=CCC(C)=CC=COC(C)=CCC(C)CCCCCC(=O)N1CCCCN(C(=O)CCCCOC)C1,False
COCCCCC(=O)N1CCCCN(C(=O)CCCCCC(C)CC=C(C)OC=CC=CC=CC=CC=CC=O)C1,False
CC=CC=CC=CC=CC=COC(C)=CCC(C)CCCCCC(=O)N1CCCCN(C(=O)CCCCOC)C1,False
COCCCCC(=O)N1CCCCN(C(=O)CCCCCC(C)CC=CC=CC=C(C)C=CC=CC=CC=C(C)C)C1,False
COCCCCC(=O)N1CCCCN(C(=O)CCCCCC(C)CC=C(C)OC=CC=CC=CC=CC(=O)C=O)C1,False
COCCCCC(=O)N1CCCCN(C(=O)CCCCCC(C)CC=C(C)OC=CC=CC=CC=CC=O)C1,False
CC=CC(C)=CC=CC=COC(C)=CC=CCC(C)CCCCCC(=O)N1CCCCN(C(=O)CCCCOC)C1,False
C=CC=CC=CC=CC=CCC=CC=COC(C)=CCC(C)CCCCCC(=O)N1CCCCN(C(=O)CCCCOC)C1,False
CC=CC=CC=CC(C)C=CC=COC(C)=CCC(C)CCCCCC(=O)N1CCCCN(C(=O)CCCCOC)C1,False
C=COC(C)=CC=CC=CC=COC(C)=CCC(C)CCCCCC(=O)N1CCCCN(C(=O)CCCCOC)C1,False
COCCCCC(=O)N1CCCCN(C(=O)CCCCCC(C)CC=C(C)OC=CC=CC=CC=CC=C(C)N)C1,False
C=CC=CC=CCC(C)=CC=COC(C)=CCC(C)CCCCCC(=O)N1CCCCN(C(=O)CCCCOC)C1,False
CCC=CC=CC=CC=CC=COC(C)=CCC(C)CCCCCC(=O)N1CCCCN(C(=O)CCCCOC)C1,False
C=CC(C)=CC=CC=COC(C)=CC=CCC(C)CCCCCC(=O)N1CCCCN(C(=O)CCCCOC)C1,False
C=CC=CC=CC=CC=CC=COC(C)=CCC(C)CCCCCC(=O)N1CCCCN(C(=O)CCCCOC)C1,False
C=CC(=O)C=CC=CC=CC=COC(C)=CCC(C)CCCCCC(=O)N1CCCCN(C(=O)CCCCOC)C1,False
C=CC=Cc1ccccc1C=CC=CC=CC=CC=CC=CCCSCCCCCCCC(=O)N(C)CN(C)C(=O)CCOCCOCC,False
CCOCCOCCC(=O)N(C)CN(C)C(=O)CCCCCCCSCC=CC=C(O)C=C(O)COC=CC=C(COC)OCC,False
CCOCCOCCC(=O)N(C)CN(C)C(=O)CCCCCCCSCC=CC=C(O)C=C(O)COC=CC=C(C)OCOC,False
C=CC(O)=CN1C=COC1C(O)=CC(O)=CC=CCSCCCCCCCC(=O)N(C)CN(C)C(=O)CCOCCOCC,False
CCCOC(C)=CC=COCC(O)=CC(O)=CC=CCSCCCCCCCC(=O)N(C)CN(C)C(=O)CCOCCOCC,False
CCOCCOCCC(=O)N(C)CN(C)C(=O)CCCCCCCSCC=CC=C(O)C=C(O)CC(O)COC=C(C)C,False
C=CC(O)=COCC(O)=CC(O)=CC=CCSCCCCCCCC(=O)N(C)CN(C)C(=O)CCOCCOCC,False
CCOCCOCCC(=O)N(C)CN(C)C(=O)CCCCCCCSCC=C(O)COC=C(O)COC=C(O)C=C(C)O,False
CCOCCOCCC(=O)N(C)CN(C)C(=O)CCCCCCCSCC=CC=C(O)C=C(O)COC=CC=COC=C(C)C,False
CC=CC=CC=CC=CC=CC=CC=CCCC(F)=CC=CCSCCCCCCCC(=O)N(C)CN(C)C(=O)CCOCCOCC,False
CCOCCOCCC(=O)N(C)CN(C)C(=O)CCCCCCCSCC=C(O)COC=C(C)COC=C(O)C=C(C)O,False
C=CC(O)=CC(O)=COCC(O)=COCC(O)=CCSCCCCCCCC(=O)N(C)CN(C)C(=O)CCOCCOCC,False
CC=COC(C)=CC=COCC(O)=CC(O)=CC=CCSCCCCCCCC(=O)N(C)CN(C)C(=O)CCOCCOCC,False
CCOCCOCCC(=O)N(C)CN(C)C(=O)CCCCCCCSCC=CC=C(O)C=C(O)COC=CC=C(C)CC,False
CCOCCOCCC(=O)N(C)CN(C)C(=O)CCCCCCCSCC=C(O)COC=C(C)COC=C(O)C=C(C)C,False
CCOCCOCCC(=O)N(C)CN(C)C(=O)CCCCCCCSCC=CC=C(O)C=C(O)C1C=CC(O)=CO1,False
CCOCCOCCC(=O)N(C)CN(C)C(=O)CCCCCCCSCC=C(O)COC=C(O)C1C=CC(O)=CO1,False
CCOCCOCCC(=O)N(C)CN(C)C(=O)CCCCCCCSCCC=CC=CC=CC=CC=CC=CC=CC=Cc1ccccc1,False
C=CC(O)=CC(O)=COCC(C)=COCC(O)=CCSCCCCCCCC(=O)N(C)CN(C)C(=O)CCOCCOCC,False
CCOCCOCCC(=O)N(C)CN(C)C(=O)CCCCCCCSCC=CC=C(O)C=C(O)C1OC=CN1C=C(C)CO,False
CCC=CC(O)=COCC(O)=COCC(O)=CCSCCCCCCCC(=O)N(C)CN(C)C(=O)CCOCCOCC,False
CCOCCOCCC(=O)N(C)CN(C)C(=O)CCCCCCCSCC=CC=C(O)C=C(O)COC=CC=C(CCO)COC,False
C=CC(C)=CC(O)=COCC(O)=CC(O)=CC=CCSCCCCCCCC(=O)N(C)CN(C)C(=O)CCOCCOCC,False
CCC=CC(O)=COCC(O)=CC(O)=CC=CCSCCCCCCCC(=O)N(C)CN(C)C(=O)CCOCCOCC,False
CCOCCOCCC(=O)N(C)CN(C)C(=O)CCCCCCCSCC=CC=C(O)C=C(O)COC=C(O)C=C(C)OC,False
CCOCCOCCC(=O)N(C)CN(C)C(=O)CCCCCCCSCC=CC=C(O)C=C(O)COC=CC=C(C)OCCO,False
CCOCCOCCC(=O)N(C)CN(C)C(=O)CCCCCCCSCC=CC=C(O)C=C(O)COC=CN=C(CO)COC,False
CCOCCOCCC(=O)N(C)CN(C)C(=O)CCCCCCCSCC=C(O)COC=C(O)COC=C(O)C=C(C)C,False
CCOCCOCCC(=O)N(C)CN(C)C(=O)CCCCCCCSCC=CC=C(O)C=C(O)COCOC=COC=C(C)OC,False
CCOCCOCCC(=O)N(C)CN(C)C(=O)CCCCCCCSCC=CC=C(O)C=C(O)COC=COC=C(CC)CO,False
CCOCCOCCC(=O)N(C)CN(C)C(=O)CCCCCCCSCC=CC=C(O)C=C(O)COC=C(O)C=C(C)O,False
CCOCCOCCC(=O)N(C)CN(C)C(=O)CCCCCCCSCC=C(O)COC=C(C)C1C=CC(O)=CO1,False
CCOCCOCCC(=O)N(C)CN(C)C(=O)CCCCCCCSCC=CC=C(O)C=C(O)COC=CC=C(C)C=O,False
CCOCCOCCC(=O)N(C)CN(C)C(=O)CCCCCCCSCC=CC=C(O)C=C(O)C1OC=CN1C=C(O)CC,False
CC=CC(O)=COCC(O)=CC(O)=CC=CCSCCCCCCCC(=O)N(C)CN(C)C(=O)CCOCCOCC,False
CC=CCC(O)=COCC(O)=CC(O)=CC=CCSCCCCCCCC(=O)N(C)CN(C)C(=O)CCOCCOCC,False
CCOCCOCCC(=O)N(C)CN(C)C(=O)CCCCCCCSCC=C(O)COC=C(O)COC=C(O)C=C(C)OC,False
CCOCCOCCC(=O)N(C)CN(C)C(=O)CCCCCCCSCC=CC=C(O)C=C(O)C1C#CC(O)=CO1,False
CCOCCOCCC(=O)N(C)CN(C)C(=O)CCCCCCCSCC=CC=C(O)C=C(O)COC=CC=C(COC)COC,False
C=CC(O)=CC(O)=COCC(O)=CC(O)=CC=CCSCCCCCCCC(=O)N(C)CN(C)C(=O)CCOCCOCC,False
C=CC(=O)c1ccccc1C=CC=CC=CC=CC=CCCSCCCCCCCC(=O)N(C)CN(C)C(=O)CCOCCOCC,False
CCOCCOCCC(=O)N(C)CN(C)C(=O)CCCCCCCSCC=CC=C(O)C=C(O)COC=C(O)C=C(C)C,False
CC1=COCC(O)=CCSCCCCCCCC(=O)N(C)CN(C)C(=O)CCOCCOCCC=CC(O)=COC1,False
CCOCCOCCC(=O)N(C)CN(C)C(=O)CCCCCCCSCC=CC=C(O)C=C(O)COC=C(O)C=C(C)O,False
CCOCCOCCC(=O)N(C)CN(C)C(=O)CCCCCCCSCC=CC=C(O)C=C(O)COC=COC=C(C)OCO,False
CCOCCOCCC(=O)N(C)CN(C)C(=O)CCCCCCCSCC=CC=C(O)C=C(O)C1OC=CN1C=C(C)C[NH],False
C=CC=CC=CC(C)=CC=CC=CC=CC=CS(=O)CCSCCCCCCCC(=O)N(C)CN(C)C(=O)CCOCCOCC,False
CCOCCOCCC(=O)N(C)CN(C)C(=O)CCCCCCCSCC=CC=C(O)C=C(O)C1OC=CN1C=C(C)CC,False
C=CC=CC=COCC(C)=CC=COCC(O)C(C)=CCSCCCCCCCC(=O)N(C)CN(C)C(=O)CCOCCOCC,False
C=CC(=COC=COCC(O)=CC(O)=CC=CCSCCCCCCCC(=O)N(C)CN(C)C(=O)CCOCCOCC)CO,False
C=COC(C)=COCOOCC(O)=CC(O)=CC=CCSCCCCCCCC(=O)N(C)CN(C)C(=O)CCOCCOCC,False
C=CC(C)=CN1C=COC1C(O)=CC(O)=CC=CCSCCCCCCCC(=O)N(C)CN(C)C(=O)CCOCCOCC,False
CCOCCOCCC(=O)N(C)CN(C)C(=O)CCCCCCCSCC=C(O)COC=C(O)COC=C(O)C=C(C)O,False
CCOCCOCCC(=O)N(C)CN(C)C(=O)CCCCCCCSCC=CC=C(O)C=C(O)COOCOC=C(C)OCO,False
CCOCCOCCC(=O)N(C)CN(C)C(=O)CCCCCCCSCC=CC=C(O)C=C(O)COC=COC=C(C[NH])CO,False
CC#CC(O)=COCC(O)=CC(O)=CC=CCSCCCCCCCC(=O)N(C)CN(C)C(=O)CCOCCOCC,False
C=CC(O)=COCC(C)C=CC(O)=CC=CCSCCCCCCCC(=O)N(C)CN(C)C(=O)CCOCCOCC,False
CCOCCOCCC(=O)N(C)CN(C)C(=O)CCCCCCCSCC=C(O)COC=C(O)COC=C(O)C=CC=CCOC,False
C=CCOC(C)=CC=COCC(O)=CC(O)=CC=CCSCCCCCCCC(=O)N(C)CN(C)C(=O)CCOCCOCC,False
CCOCCOCCC(=O)N(C)CN(C)C(=O)CCCCCCCSCC=CC=C(O)C=C(O)COOCOC=C(C)OCC,False
C=CCCCC(=O)N1CCCCN(C(=O)CCCCCC(C)CCCOCC=CC=CC=CC=CC=CC=Cc2ccccc2C)C1,False
C=CC=CC=CC=CC=CC=CC=CC=CC=CC=CC=CCC=CCC(C)CCCCCC(=O)N1CCCCN(C(=O)CCCC=C)C1,False
C=CCCCC(=O)N1CCCCN(C(=O)CCCCCC(C)CCOCCC=CC=CC=CC=CC=CC=Cc2ccccc2C)C1,False
C=CC=CC=CC=CC=CC=CC=CC=CC=CC=CCC=COCCC(C)CCCCCC(=O)N1CCCCN(C(=O)CCCC=C)C1,False
C=CC=CC=CC=CC=CC=CC=CC=CC=CC=CC=COCCCC(C)CCCCCC(=O)N1CCCCN(C(=O)CCCC=C)C1,False
C=CC=CC1C=CC=CC1=CC=CC=CC=CC=CC=CC=CCC(C)CCCCCC(=O)N1CCCCN(C(=O)CCCC=C)C1,False
C=CC=CC=CC=CC=CC=CC=CC=CC=CC=CC=CCCCCC(C)CCCCCC(=O)N1CCCCN(C(=O)CCCC=C)C1,False
C=CCCCC(=O)N1CCCCN(C(=O)CCCCCC(C)CCCCCCOC=CC=CC=CC=CC=Cc2ccccc2C)C1,False
C=CCCCC(=O)N1CCCCN(C(=O)CCCCCC(C)CCOC=CC=CC=CC=CC=CC=CC=Cc2ccccc2C)C1,False
C=CC=CC=CC=CC=CC=CC=CC=CC=CCC=COCCCCC(C)CCCCCC(=O)N1CCCCN(C(=O)CCCC=C)C1,False
C=CCC=CC=CC=CC=CC=CC=CC=CC=CCCCCC(C)CCCCCC(=O)N1CCCCN(C(=O)CCCC=C)C1,False
C=CCCCC(=O)N1CCCCN(C(=O)CCCCCC(C)CC=CC=CC=CC=CC=CC=CC=CC=CC=CC=CC=CC=CC)C1,False
C#CC=CC=CC=CC=CC=CC=CC=CC=CC=CC=COCCC(C)CCCCCC(=O)N1CCCCN(C(=O)CCCC=C)C1,False
C=CCC=CC=CC=CC=CC=CC=CC=CC=CCC=CCC(C)CCCCCC(=O)N1CCCCN(C(=O)CCCC=C)C1,False
C#CC=CC=CC=CC=CC=CC=CC=CC=COCCCCCCC(C)CCCCCC(=O)N1CCCCN(C(=O)CCCC=C)C1,False
C=CCCCC(=O)N1CCCCN(C(=O)CCCCCC(C)CCCCC=CC=CC=CC=CC=CC=CC=Cc2ccccc2)C1,False
C=CC=CC=CC=CC=CC=CC=CC=CC=CC=CC=CCOCCC(C)CCCCCC(=O)N1CCCCN(C(=O)CCCC=C)C1,False
C=CCCCC(=O)N1CCCCN(C(=O)CCCCCC(C)CCC=CC=CC=CC=CC=CC=CC=CC=Cc2ccccc2)C1,False
C=CC=CC=CC=CC=CC=CC=CC=CC=CC=CC=CC=CCCC(C)CCCCCC(=O)N1CCCCN(C(=O)CCCC=C)C1,False
C=CCCCC(=O)N1CCCCN(C(=O)CCCCCC(C)CCCC=CC=CC=CC=CC=CC=CC=CC=CC=CC=CC=CC)C1,False
C#CC=CC=CC=CC=CC=CC=CC=CC=CC=CCOCCCC(C)CCCCCC(=O)N1CCCCN(C(=O)CCCC=C)C1,False
C=CCCCC(=O)N1CCCCN(C(=O)CCCCCC(C)CCCCOC=CC=CC=CC=CC=CC=Cc2ccccc2C)C1,False
C=CC=CC=CC=CC=CC=CC=CC=CC=COCCCCCCCC(C)CCCCCC(=O)N1CCCCN(C(=O)CCCC=C)C1,False
C=CC=CC1C=CC=CC1=CC=CC=CC=CC=CC=CCCCC(C)CCCCCC(=O)N1CCCCN(C(=O)CCCC=C)C1,False
C=CC=CC=CC=CC=CC=CC=CC=CC=CC=CCC=CC=CCC(C)CCCCCC(=O)N1CCCCN(C(=O)CCCC=C)C1,False
C=CC=CC=CC=CC=CC=CC=CC=CC=CC=CCOCCCCC(C)CCCCCC(=O)N1CCCCN(C(=O)CCCC=C)C1,False
C=CCCCC(=O)N1CCCCN(C(=O)CCCCCC(C)COCCCCCC=CC=CC=CC=CC=Cc2ccccc2C)C1,False
C=CCC=CC=CC=CC=CC=CC=CC=CCC=COCCC(C)CCCCCC(=O)N1CCCCN(C(=O)CCCC=C)C1,False
C=CC=CC=CC=CC=CC=CC=CC=CC=CC=COCCCCCC(C)CCCCCC(=O)N1CCCCN(C(=O)CCCC=C)C1,False
C=CCCCC(=O)N1CCCCN(C(=O)CCCCCC(C)CC=CCC=CC=CC=CC=CC=CC=CC=Cc2ccccc2)C1,False
C=CC=CC=CC=CC=CC=CC=CC=CC=CC=CCOCC=CCC(C)CCCCCC(=O)N1CCCCN(C(=O)CCCC=C)C1,False
C=CC=CC=CC=CC=CC=CC=CC=CC=CCCCOCCCCC(C)CCCCCC(=O)N1CCCCN(C(=O)CCCC=C)C1,False
C=CCCCC(=O)N1CCCCN(C(=O)CCCCCC(C)CCCCOCC=CC=CC=CC=CC=CC=Cc2ccccc2)C1,False
C=CCCCC(=O)N1CCCCN(C(=O)CCCCCC(C)CCCCOC=CCC=CC=CC=CC=CC=CC=C(C)CCC)C1,False
C=CCCCC(=O)N1CCCCN(C(=O)CCCCCC(C)CCCCOCCCC=CC=CC=CC=CC=Cc2ccccc2)C1,False
C=CCCCC(=O)N1CCCCN(C(=O)CCCCCC(C)COCCCCCC=CC=CC=CC=C2C=CC=CC2C=O)C1,False
C#CC=CC=CC=CC=CC=CC=CC=CC=CC=CC=CC=CCC(C)CCCCCC(=O)N1CCCCN(C(=O)CCCC=C)C1,False
C=CCCCC(=O)N1CCCCN(C(=O)CCCCCC(C)CCOC=CC=CC=CC=CC=CC=CC=C(C)CCCCCC)C1,False
C=CCCCC(=O)N1CCCCN(C(=O)CCCCCC(C)CCCOCC=CC=CC=CC=CC=CC=CC=CC=CC(N)=O)C1,False
C=CC=CC=CC=CC=CC=CC=CC=CC=CC=COCCCC(C)CCCCCC(=O)N1CCCCN(C(=O)CCCC=C)C1,False
C=CCCCC(=O)N1CCCCN(C(=O)CCCCCC(C)CCCC=CC=CC=CC=CC=CC=C2C=CC=CC2CC=CC)C1,False
C=CC=CC1C=CC=CC1=CC=CC=CC=CCCCCCOCC(C)CCCCCC(=O)N1CCCCN(C(=O)CCCC=C)C1,False
C#CC=CC=CC=CC=CC=CC=CC=CC=CCC=COCCCC(C)CCCCCC(=O)N1CCCCN(C(=O)CCCC=C)C1,False
C#CC=CC=CC=CC=CC=CC=CC=CCC=COCCC(C)CCCCCC(=O)N1CCCCN(C(=O)CCCC=C)C1,False
C=CCCCC(=O)N1CCCCN(C(=O)CCCCCC(C)CCCCOC=CCC=CC=CC=CC=CC=CC=CC=CC=CC)C1,False
C=CCCCC(=O)N1CCCCN(C(=O)CCCCCC(C)CCCCCCOC=CC=CC=CC=CC=CC=CC=CC=CC=CC)C1,False
C=CCCCC(=O)N1CCCCN(C(=O)CCCCCC(C)CC=CCOC=CC=CC=CC=CC=CC=CC=CC=CC=CC=CC)C1,False
C=CCCCC(=O)N1CCCCN(C(=O)CCCCCC(C)CCCCOC=CC=CC=CC=CC=CC=CC=CC=CC=CC=CC)C1,False
C=CCCCC(=O)N1CCCCN(C(=O)CCCCCC(C)CCCCOC=CC=CC=CC=CC=C(C)CCCCCCCC)C1,False
C=CCCCC(=O)N1CCCCN(C(=O)CCCCCC(C)CC=CC=CC=CC=CC=CC=CC=CC=CC=C(C)CCC=C)C1,False
C=CCCCC(=O)N1CCCCN(C(=O)CCCCCC(C)CCCCCCCC(C)CCCCCCCCCCCCCCC)C1,False
C=CCCCC(=O)N1CCCCN(C(=O)CCCCCC(C)CCOC=CC=CC=CC=CC=CC=CC=CC=CC=CC=CC=CC)C1,False
C=CCCCC(=O)N1CCCCN(C(=O)CCCCCC(C)CCCCC=CC=C(C)CCCCCCCCCCCCCCC)C1,False
C=CCCCC(=O)N1CCCCN(C(=O)CCCCCC(C)CCCCOCCC=CC=CC=CC=C2C=CC=CC2C=O)C1,False
C=CCCCC(=O)N1CCCCN(C(=O)CCCCCC(C)CCCCOC=CCC=CC=CC=CC=CC=CC=C(C)CCN)C1,False
C=CC=CC=CC=CC=CC=CC=CC=CCC=COCCCCC(C)CCCCCC(=O)N1CCCCN(C(=O)CCCC=C)C1,False
C#CC=CC=CC=CC=CC=CC=CC=CC=CC=COCCCCC(C)CCCCCC(=O)N1CCCCN(C(=O)CCCC=C)C1,False
C=CCCCC(=O)N1CCCCN(C(=O)CCCCCC(C)CCOCCC=CC=CC=CC=CC=CC=CC=CC=C(C)CC)C1,False
C=CCCCC(=O)N1CCCCN(C(=O)CCCCCC(C)CCCCOCCCC=CC=CC=CC=CC=CC=CC=CC=CC)C1,False
C=CCCCC(=O)N1CCCCN(C(=O)CCCCCC(C)CCCCOC=CC=CC=CC=CC=C2C=CC=CC2C=O)C1,False
C=CCCCC(=O)N1CCCCN(C(=O)CCCCCC(C)CCCCOC=CCC=CC=CC=CC=CC=CC=CC=C(C)C)C1,False
C=CCCCC(=O)N1CCCCN(C(=O)CCCCCC(C)CCCCOC=CC=CC=CC=CC=C2C=CC=CC2C=CC=O)C1,False
C#CC=CC=CC=CC=CC=CC=CC=CC=CC=CC=CCCCC(C)CCCCCC(=O)N1CCCCN(C(=O)CCCC=C)C1,False
C=COCOCOCOCOCOC(C)=COCOCCC(C)CCCCCC(=O)N1CCCCN(C(=O)CCCC#CC)C1,False
C=COCOCOC(=COCOCOCCC(C)CCCCCC(=O)N1CCCCN(C(=O)CCCC#CC)C1)COCOC,False
CC#CCCCC(=O)N1CCCCN(C(=O)CCCCCC(C)CCOCOCOC=C(COCOC)OCOCOCO)C1,False
CC#CCCCC(=O)N1CCCCN(C(=O)CCCCCC(C)CCOCOCOC=C(COCOC)OCOCOC)C1,False
CC#CCCCC(=O)N1CCCCN(C(=O)CCCCCC(C)CCOCOC=C(C)OCOCOCOCOCOCO)C1,False
CC#CCCCC(=O)N1CCCCN(C(=O)CCCCCC(C)CCOCOC=C(CO)COCOCOCOCOCO)C1,False
CC#CCCCC(=O)N1CCCCN(C(=O)CCCCCC(C)COCOCOC=C(COCOC)OCOCOCO)C1,False
CC#CCCCC(=O)N1CCCCN(C(=O)CCCCCC(C)CCOCOCOC=C(C)OCOCOCOCOC)C1,False
CC#CCCCC(=O)N1CCCCN(C(=O)CCCCCC(C)CCOCOCOC=C(COCOC)OCOCOCC)C1,False
CC#CCCCC(=O)N1CCCCN(C(=O)CCCCCC(C)CCOC=C(COCOC)OCOCOCOCOC)C1,False
C=CC=COCOCOCOCOC(C)=COCOCCC(C)CCCCCC(=O)N1CCCCN(C(=O)CCCC#CC)C1,False
CC#CCCCC(=O)N1CCCCN(C(=O)CCCCCC(C)CCOCOCOC(C)OCOCOCOCOCO)C1,False
C=COCOCOCOC(=COCOCCC(C)CCCCCC(=O)N1CCCCN(C(=O)CCCC#CC)C1)COCOC,False
CC#CCCCC(=O)N1CCCCN(C(=O)CCCCCC(C)COCOC=C(CO)COCOCOCOCOCO)C1,False
CC#CCCCC(=O)N1CCCCN(C(=O)CCCCCC(C)CCOCOC=C(COCOCOCOCOCO)NO)C1,False
CC#CCCCC(=O)N1CCCCN(C(=O)CCCCCC(C)CCOCOC=C(C)OCOCOCOCOCOC)C1,False
CC#CCCCC(=O)N1CCCCN(C(=O)CCCCCC(C)CCOCOC=C(C)OCOCOCOCOC=COC)C1,False
CC#CCCCC(=O)N1CCCCN(C(=O)CCCCCC(C)CCOCOCOC=C(O)COC=C(C)OCO)C1,False
CC#CCCCC(=O)N1CCCCN(C(=O)CCCCCC(C)CCOCOC=C(COCOC)OCOCOCOCOC)C1,False
CC#CCCCC(=O)N1CCCCN(C(=O)CCCCCC(C)CCOCOC=C(OC)OCOCOCOCOCOC)C1,False
CC#CCCCC(=O)N1CCCCN(C(=O)CCCCCC(C)CCOCOC=C(C)OCOCOCOCOCOCC)C1,False
CC#CCCCC(=O)N1CCCCN(C(=O)CCCCCC(C)CCOCOCOC(C)OCOCOCOCOCC)C1,False
CC#CCCCC(=O)N1CCCCN(C(=O)CCCCCC(C)CCOCOCOC=C(C)OCOCOCOCOCO)C1,False
CC#CCCCC(=O)N1CCCCN(C(=O)CCCCCC(C)CCOCOCOC=C(COCOC)OCOCOCN)C1,False
C=COCOCOCOCOC(C)=COCOCCC(C)CCCCCC(=O)N1CCCCN(C(=O)CCCC#CC)C1,False
CC#CCCCC(=O)N1CCCCN(C(=O)CCCCCC(C)CCOCOCOCOC=C(C)OCOCOCOC)C1,False
C=COCOCOC(=COCOCOCOCC(C)CCCCCC(=O)N1CCCCN(C(=O)CCCC#CC)C1)COCOC,False
C=COCOCOCOCOCOC(C)=COCOCOCC(C)CCCCCC(=O)N1CCCCN(C(=O)CCCC#CC)C1,False
C=COCOCOCOCOC(C)OCOCOCCC(C)CCCCCC(=O)N1CCCCN(C(=O)CCCC#CC)C1,False
CC#CCCCC(=O)N1CCCCN(C(=O)CCCCCC(C)COCOCOCOC=C(COCOC)OCOCOCO)C1,False
CC#CCCCC(=O)N1CCCCN(C(=O)CCCCCC(C)CCOCOCOC=C(C)OCOCOCOCO)C1,False
C=COCOCOCOCOCP(O)OCOCOCCC(C)CCCCCC(=O)N1CCCCN(C(=O)CCCC#CC)C1,False
C=COCCOCOCOC(C)=COCOCOCCC(C)CCCCCC(=O)N1CCCCN(C(=O)CCCC#CC)C1,False
C=COCOCOCOCOCC(=COCOCCC(C)CCCCCC(=O)N1CCCCN(C(=O)CCCC#CC)C1)CO,False
C=CC=COCOCOC(=COCOCCC(C)CCCCCC(=O)N1CCCCN(C(=O)CCCC#CC)C1)COCOC,False
CC#CCCCC(=O)N1CCCCN(C(=O)CCCCCC(C)CCOCOC=CC=C(C)OCOCOCOCOCO)C1,False
CC#CCCCC(=O)N1CCCCN(C(=O)CCCCCC(C)CCOCOCOC=CCOCOCOCOCO)C1,False
C=COCOCOCOCC=COCOCOCCC(C)CCCCCC(=O)N1CCCCN(C(=O)CCCC#CC)C1,False
CC#CCCCC(=O)N1CCCCN(C(=O)CCCCCC(C)COCOC=C(COCOC)OCOCOCOCOC)C1,False
CC#CCCCC(=O)N1CCCCN(C(=O)CCCCCC(C)CCOCOC=C(COCOC)OCOCOC=CCOC)C1,False
CC#CCCCC(=O)N1CCCCN(C(=O)CCCCCC(C)CCOCOC=C(C)OCOCOCOCOC)C1,False
CC#CCCCC(=O)N1CCCCN(C(=O)CCCCCC(C)CCOC=C(O)COCOCOCOCOC=C(C)O)C1,False
C=COCOCOCOCOCC=COCOCCC(C)CCCCCC(=O)N1CCCCN(C(=O)CCCC#CC)C1,False
CC#CCCCC(=O)N1CCCCN(C(=O)CCCCCC(C)CCOCOCOP(O)COCOCOCOCOCO)C1,False
CC#CCCCC(=O)N1CCCCN(C(=O)CCCCCC(C)CCOC2OCOC=C2COCOCOCOC)C1,False
CC#CCCCC(=O)N1CCCCN(C(=O)CCCCCC(C)CCOCOC=C(O)COCOCOCCOCO)C1,False
CC#CCCCC(=O)N1CCCCN(C(=O)CCCCCC(C)COCOCOC=C(C)OCOCOCOCOCOCO)C1,False
CC#CCCCC(=O)N1CCCCN(C(=O)CCCCCC(C)CCOCOCOC=C(C)OCOCOCOCOCOC)C1,False
CC#CCCCC(=O)N1CCCCN(C(=O)CCCCCC(C)CCOCOCOC=C(COCOC)OCOCOC=N)C1,False
C=COCOCOCOCOC(C)=COCOCOCCC(C)CCCCCC(=O)N1CCCCN(C(=O)CCCC#CC)C1,False
CC#CCCCC(=O)N1CCCCN(C(=O)CCCCCC(C)CCOCOCOC=C(O)COCOC=C(C)O)C1,False
CC#CCCCC(=O)N1CCCCN(C(=O)CCCCCC(C)CCOCOC=C(CO)COCOCOCOCOC=N)C1,False
CC#CCCCC(=O)N1CCCCN(C(=O)CCCCCC(C)CCOCOC=C(C)OCOCOC=COC)C1,False
CC#CCCCC(=O)N1CCCCN(C(=O)CCCCCC(C)CCOCOC=C(O)COCOCOC=C(C)O)C1,False
CN1C=C(C(=O)N2CCOCc3ccc(F)c(F)c3C2N)C1OOC=CCCOCF,True
COCCCC=COCCOCC(O)OC1C(C(=O)N2CCOCc3ccc(F)c(F)c3C2N)=CN1C,False
CCCCOC(C)=CC(O)OC1C(C(=O)N2CCOCc3ccc(F)c(F)c3C2N)=CN1C,True
CCCCC(O)C=CC(O)OC1C(C(=O)N2CCOCc3ccc(F)c(F)c3C2N)=CN1C,True
C=C(C=CCOC=O)OC1C(C(=O)N2CCOCc3ccc(F)c(F)c3C2N)=CN1C,True
COCC(O)OCOCC(O)=COCOC1C(C(=O)N2CCOCc3ccc(F)c(F)c3C2N)=CN1C,False
C=CC=CC=C(C=C(C)OCC=CC)OC1C(C(=O)N2CCOCc3ccc(F)c(F)c3C2N)=CN1C,False
COC(C)OCOCOCOCC(C)OC1C(C(=O)N2CCOCc3ccc(F)c(F)c3C2N)=CN1C,False
COCCCOCOCC(C)=COCOC1C(C(=O)N2CCOCc3ccc(F)c(F)c3C2N)=CN1C,False
CC(=CC(O)OC1C(C(=O)N2CCOCc3ccc(F)c(F)c3C2N)=CN1C)OCCCCCO,True
CC(=COCOC1C(C(=O)N2CCOCc3ccc(F)c(F)c3C2N)=CN1C)OCOCOCF,False
CN1C=C(C(=O)N2CCOCc3ccc(F)c(F)c3C2N)C1OCOCOCOC=CC=CCOCOCO,False
CCCCCCOC(C)=CC(O)OC1C(C(=O)N2CCOCc3ccc(F)c(F)c3C2N)=CN1C,False
C=CC=CC=CCOCOCC(C)=COC1C(C(=O)N2CCOCc3ccc(F)c(F)c3C2N)=CN1C,False
C=CCOC(C)=CC(OCCCO)OC1C(C(=O)N2CCOCc3ccc(F)c(F)c3C2N)=CN1C,False
CC(=CC(C)OC1C(C(=O)N2CCOCc3ccc(F)c(F)c3C2N)=CN1C)OCCC=O,False
CCOCOCOCOCOC(OC)OC1C(C(=O)N2CCOCc3ccc(F)c(F)c3C2N)=CN1C,False
CN1C=C(C(=O)N2CCOCc3ccc(F)c(F)c3C2N)C1OCOCOCOC=CC=CCOCO,False
COCCC(O)=COC(C)=CC(O)OC1C(C(=O)N2CCOCc3ccc(F)c(F)c3C2N)=CN1C,False
CC(=COOC1C(C(=O)N2CCOCc3ccc(F)c(F)c3C2N)=CN1C)COC(O)CC=O,True
C=CC=C(C=C(C)OCC=CC)OC1C(C(=O)N2CCOCc3ccc(F)c(F)c3C2N)=CN1C,False
CN1C=C(C(=O)N2CCOCc3ccc(F)c(F)c3C2N)C1OC(O)COCCOC=CCCOCO,False
C=C(C)C=CCOCOCC=COC1C(C(=O)N2CCOCc3ccc(F)c(F)c3C2N)=CN1C,False
C=COCC=CC=COCOCOCOC1C(C(=O)N2CCOCc3ccc(F)c(F)c3C2N)=CN1C,False
C=COCOCC=CC=COCOCOCOC1C(C(=O)N2CCOCc3ccc(F)c(F)c3C2N)=CN1C,False
CC(=COCOC1C(C(=O)N2CCOCc3ccc(F)c(F)c3C2N)=CN1C)COCOCCOCO,False
CC=CCC=C(C=C(C)OCC=CC)OC1C(C(=O)N2CCOCc3ccc(F)c(F)c3C2N)=CN1C,True
CCCOCOCOCOCC(C)OC1C(C(=O)N2CCOCc3ccc(F)c(F)c3C2N)=CN1C,False
CC=CCOC(C)=CC(O)OC1C(C(=O)N2CCOCc3ccc(F)c(F)c3C2N)=CN1C,True
C=COCCOCOCC(O)=COCOC1C(C(=O)N2CCOCc3ccc(F)c(F)c3C2N)=CN1C,False
C=CCOC(C)=CC(COCCO)OC1C(C(=O)N2CCOCc3ccc(F)c(F)c3C2N)=CN1C,False
CCCCCOC(C)=CC(O)OC1C(C(=O)N2CCOCc3ccc(F)c(F)c3C2N)=CN1C,False
CC=CCCCC(O)C=CC(O)OC1C(C(=O)N2CCOCc3ccc(F)c(F)c3C2N)=CN1C,True
CC(=COOC1C(C(=O)N2CCOCc3ccc(F)c(F)c3C2N)=CN1C)COCCC=O,False
CC=CCOC(C)=CC(OC1C(C(=O)N2CCOCc3ccc(F)c(F)c3C2N)=CN1C)=C(C)O,False
CC(=COCOC1C(C(=O)N2CCOCc3ccc(F)c(F)c3C2N)=CN1C)COCOCC(O)CO,False
CCC(=O)OCOCOCOCC(C)OC1C(C(=O)N2CCOCc3ccc(F)c(F)c3C2N)=CN1C,False
CC=CCCCOC(C)=CC(O)OC1C(C(=O)N2CCOCc3ccc(F)c(F)c3C2N)=CN1C,False
CCOCCC=COCCOCC(O)OC1C(C(=O)N2CCOCc3ccc(F)c(F)c3C2N)=CN1C,False
CN1C=C(C(=O)N2CCOCc3ccc(F)c(F)c3C2N)C1OCOC=C(O)COCOCCOCO,False
C=COCCOCOCC(C)=COCOC1C(C(=O)N2CCOCc3ccc(F)c(F)c3C2N)=CN1C,False
CN1C=C(C(=O)N2CCOCc3ccc(F)c(F)c3C2N)C1OCOCOCOC=CC=CC=CCOCO,False
C=CCCCCOC(C)=CC(O)OC1C(C(=O)N2CCOCc3ccc(F)c(F)c3C2N)=CN1C,False
CC=CCOC(C)=CC(OC1C(C(=O)N2CCOCc3ccc(F)c(F)c3C2N)=CN1C)=C(C)C,False
C=CC=CC(C)=COCC(C)=CC=COC1C(C(=O)N2CCOCc3ccc(F)c(F)c3C2N)=CN1C,False
CC=CCC(O)=COC(C)=CC(O)OC1C(C(=O)N2CCOCc3ccc(F)c(F)c3C2N)=CN1C,False
CC=CCC(C)=COCC(C)=CC=COC1C(C(=O)N2CCOCc3ccc(F)c(F)c3C2N)=CN1C,False
CC=CCOC(C)=CC(=CC)OC1C(C(=O)N2CCOCc3ccc(F)c(F)c3C2N)=CN1C,False
CC#CCCCC(=O)N(C)CN(C)C(=O)CCCCC(=O)NCOC=O,False
CC#CCCCC(=O)N(C)CN(C)C(=O)CCCCC(=O)NCC=CC=C(C)C(=O)OCOCC=O,False
CC#CCCCC(=O)N(C)CN(C)C(=O)CCCCC(=O)NCC=CC=C(C)C(=O)OCOC=O,False
CC#CCCCC(=O)N(C)CN(C)C(=O)CCCCC(=O)NCC=CC=C(C)CC(=O)C=O,False
C=COCC=CC=CC=CC=COCOCC(O)=CC=CC=CCNC(=O)CCCCC(=O)N(C)CN(C)C(=O)CCCC#CC,False
C=CC=CC=CC=CC=CC=COCOCC(O)=CC=CC=CCNC(=O)CCCCC(=O)N(C)CN(C)C(=O)CCCC#CC,False
C=CNC=CC=CC=CC=CC=COCOCC(O)=CC=CC=CCNC(=O)CCCCC(=O)N(C)CN(C)C(=O)CCCC#CC,False
C=CC=CC=CC=CC=CC=CCC=CC(O)=CC(O)=CC=CCNC(=O)CCCCC(=O)N(C)CN(C)C(=O)CCCC#CC,False
C=CC=CC=CC=CC=CC=COCOCC(O)=CC=CC=CCNC(=O)CCCCC(=O)N(C)CN(C)C(=O)CCCC#CC,False
C=CC=CC=CC=CC=CC=CC=COCOCC(O)=CC=CC=CCNC(=O)CCCCC(=O)N(C)CN(C)C(=O)CCCC#CC,False
C#CNC=CC=CC=CC=CC=COCOCC(O)=CC=CC=CCNC(=O)CCCCC(=O)N(C)CN(C)C(=O)CCCC#CC,False
CC#CCCCC(=O)N(C)CN(C)C(=O)CCCCC(=O)NCC=CC=CC=C(O)COCOC=CC=CC=CC=CC=O,False
C=CC=CC=CC=CC=CC=COCOCOCC(O)=CC=CC=CCNC(=O)CCCCC(=O)N(C)CN(C)C(=O)CCCC#CC,False
CC(C)(C)C(=O)Nc1ccc2c(c1)C(=O)NC2=O,True
C=Cc1ccccc1C=CC=CC=CC=CC=CC(C)=CC=CC#CCCC(C)CCCN(C)C(=O)C(=O)NCCCCCCC,False
C=CC(O)=CC=CC=COCC(O)=CC=CC(O)=CC=CC=CC=COCC(C)CCCN(C)C(=O)C(=O)NCCCCCCC,False
CCCCCCCNC(=O)C(=O)N(C)CCCC(C)COC=CC=CC=CC=C(O)C=CC=C(O)COC=CC=CC=C(C)C,False
C=CC=Cc1ccccc1C=CC=CC=CC=CC=CC(C)=CC=CC#CCCC(C)CCCN(C)C(=O)C(=O)NCCCCCCC,False
CCCCCCCNC(=O)C(=O)N(C)CCCC(C)CCCOC=CC=CC=C(C)C=CC=CC=CC=CC=CC=Cc1ccccc1,False
C=CC(C)=CC=CC=COCC(O)=CC=CC(O)=CC=CC=CC=COCC(C)CCCN(C)C(=O)C(=O)NCCCCCCC,False
CCCCCCCNC(=O)C(=O)N(C)CCCC(C)CCCC=CC=CC=Cc1ccccc1C=O,False
CC=CC=CC(C)=CC=CC=CC=CC=CC=CC=CC(C)=CC=CC#CCCC(C)CCCN(C)C(=O)C(=O)NCCCCCCC,False
CCCCCCCNC(=O)C(=O)N(C)CCCC(C)CCOC=CC=CC=CC=Cc1ccccc1C=O,False
C=CC=CC=CC=CC(C)c1ccccc1C=CC=CC=CC=CC=COCCC(C)CCCN(C)C(=O)C(=O)NCCCCCCC,False
C=CC=COCC(O)=COCC(O)=CC=CC(O)=CC=CC=CC=COCC(C)CCCN(C)C(=O)C(=O)NCCCCCCC,False
C=Cc1ccccc1C=CC=CC=CC=CC=CC(C)=CC=CC#CCCC(C)CCCN(C)C(=O)C(=O)NCCCCCCC,False
CCCCCCCNC(=O)C(=O)N(C)CCCC(C)CCCC=CC=CC=CC=Cc1ccccc1C=O,False
CC=COC=Cc1ccccc1C=CC=CC=CC=CC=CC=COCCC(C)CCCN(C)C(=O)C(=O)NCCCCCCC,False
C=CC=COC=Cc1ccccc1C=CC=CC=CC(C)=CC=CC=CCOCC(C)CCCN(C)C(=O)C(=O)NCCCCCCC,False
C=CC=COCC(O)=CC=CC(O)=CC=CC(O)=CC=CC=CC=COCC(C)CCCN(C)C(=O)C(=O)NCCCCCCC,False
C=COCOCC(O)=COCC(O)=CC=CC(O)=CC=CC=CC=COCC(C)CCCN(C)C(=O)C(=O)NCCCCCCC,False
CC=CC=CC=CC=CC=CC(O)=CC=CC=CC(O)=CC=CC=CC=COCC(C)CCCN(C)C(=O)C(=O)NCCCCCCC,False
C=CC=CC=CC=CC=Cc1ccccc1C=CC=CC=CC=CC(O)CCCC(C)CCCN(C)C(=O)C(=O)NCCCCCCC,False
C=CC=CC=CC=CC=CC=Cc1ccccc1C=CC=CC=CC=CC=COCCC(C)CCCN(C)C(=O)C(=O)NCCCCCCC,False
CCCCCCCNC(=O)C(=O)N(C)CCCC(C)COC=CC=CC=CC=C(O)C=CC=C(O)COC=CC=CC=C1CO1,False
CC=COC=Cc1ccccc1C=CC=CC=CC=CC=COCCC(C)CCCN(C)C(=O)C(=O)NCCCCCCC,False
C=Cc1ccncc1C=CC=CC=CC=CC(C)=CC=CC=CC=COCC(C)CCCN(C)C(=O)C(=O)NCCCCCCC,False
CCCCCCCNC(=O)C(=O)N(C)CCCC(C)COC=CC=CC=CC=C(O)C=CC=C(O)COC=CC=CC=C(O)CO,False
CCCCCCCNC(=O)C(=O)N(C)CCCC(C)COC=CC=CC=CC=C(O)C=CC=C(O)c1cc2ccc1cc2C,False
C#CC=CC=NC=CC=CC(C)=CC=CC=CC=CC=CC=CC(=O)NCCC(C)CCCN(C)C(=O)C(=O)NCCCCCCC,False
C=CC=CC=CC=CC=Cc1ccccc1C=CC=CC=CC=CC=CC=COCCC(C)CCCN(C)C(=O)C(=O)NCCCCCCC,False
CCCCCCCNC(=O)C(=O)N(C)CCCC(C)CCCC(O)C=CC=CC=CC=Cc1ccccc1C=CC=CC=C(C)C,False
CC=CC=CC=Cc1ccccc1C=CC=CC=CC(C)=CC=CC=CCOCC(C)CCCN(C)C(=O)C(=O)NCCCCCCC,False
CCCCCCCNC(=O)C(=O)N(C)CCCC(C)COC=CC=CC=CC=C(O)C=CC=C(O)COC=CC=CC=C(O)CC,False
CCCCCCCNC(=O)C(=O)N(C)CCCC(C)CCOC=CC=CC=CC=CC=CC=Cc1ccccc1C=CC=O,False
CCCCCCCNC(=O)C(=O)N(C)CCCC(C)COC=CC=CC=CC=C(C)C=CC=CC=CC=Cc1cnccc1C,False
CCCCCCCNC(=O)C(=O)N(C)CCCC(C)CCCOC=CC=CC=C(C)C=CC=CC=CC=CC=CC=Cc1cccnc1,False
C=CC(C)=CC=CC=CC=CC(O)=CC=CC(O)=CC=CC=CC=COCC(C)CCCN(C)C(=O)C(=O)NCCCCCCC,False
C=CC=CC=CC=CC=CC=CC=CC=CC=CC=CC(C)=CC=CC=COCCCC(C)CCCN(C)C(=O)C(=O)NCCCCCCC,False
C=CC(O)=CC=CC=CC(O)=CC=CC=CC(O)=CC=CC=CC=COCC(C)CCCN(C)C(=O)C(=O)NCCCCCCC,False
CC=CC=CC=NC=CC=CC(C)=CC=CC=CC=CC=CC=CC(=O)NCCC(C)CCCN(C)C(=O)C(=O)NCCCCCCC,False
CCCCCCCNC(=O)C(=O)N(C)CCCC(C)CCOC=CC=CC=CC=CC=CC=Cc1ccccc1C=CC=CCC=O,False
CCCCCCCNC(=O)C(=O)N(C)CCCC(C)CCCC1=CC=CC=CC=CC=CC=C(C)C=CC=CC=CC=CC1CCC,False
C=COC=Cc1ccccc1C=CC=CC=CC(C)=CC=CC=CCOCC(C)CCCN(C)C(=O)C(=O)NCCCCCCC,False
CC=CC=Cc1ccccc1C=CC=CC=CC=CC=NC(C)=CC=CCCCC(C)CCCN(C)C(=O)C(=O)NCCCCCCC,False
CCCCCCCNC(=O)C(=O)N(C)CCCC(C)CCCCC=CCC=Cc1ccccc1C=O,False
C#CC=CC=CC=CC=CC=CC=CC(C)=CC=CC=CC=CC=CC=CCCCC(C)CCCN(C)C(=O)C(=O)NCCCCCCC,False
CCCCCCCNC(=O)C(=O)N(C)CCCC(C)CCC#CC=CC=C(C)C=CC=CC=CC=CC=Cc1ccccc1CC,False
CC=CC=CC=Cc1ccccc1C=CC=CC=CC=NC(C)=CC=CCCCC(C)CCCN(C)C(=O)C(=O)NCCCCCCC,False
CC=CC=CC=CC=CC=CC(C)=CC=CC=CC=CC=CC=CC(=O)NCCC(C)CCCN(C)C(=O)C(=O)NCCCCCCC,False
CCCCCCCNC(=O)C(=O)N(C)CCCC(C)COC=CC=CC=CC=C(O)C=CC=CC=C(O)C=CC=CC=CC=CO,False
C=CC=CCC(=O)C=CC=CC=CC1C(C(=O)NCC(C)CCNC(=O)CCOCCOC)CCC(=O)N1C,False
CC=CC=CC(=O)C=CC=CC=CC1C(C(=O)NCC(C)CCNC(=O)CCOCCOC)CCC(=O)N1C,False
C=CCCCC(=O)C=CC=CC=CC1C(C(=O)NCC(C)CCNC(=O)CCOCCOC)CCC(=O)N1C,False
CC=CCCC(=O)C=CC=CC=CC1C(C(=O)NCC(C)CCNC(=O)CCOCCOC)CCC(=O)N1C,False
CCCCCC(=O)C=CC=CC=CC1C(C(=O)NCC(C)CCNC(=O)CCOCCOC)CCC(=O)N1C,False
CC=COCC(=O)C=CC=CC=CC1C(C(=O)NCC(C)CCNC(=O)CCOCCOC)CCC(=O)N1C,False
COCCOCCC(=O)NCCC(C)CNC(=O)C1CCC(=O)N(C)C1C=CC=CC=CC(=O)C=S=O,False
C=CC=COC(=O)C=CC=CC=CC1C(C(=O)NCC(C)CCNC(=O)CCOCCOC)CCC(=O)N1C,False
COCCOCCC(=O)NCCC(C)CNC(=O)C1CCC(=O)N(C)C1C=CC=CC=CC(=O)CC=S,False
COCCOCCC(=O)NCCC(C)CNC(=O)C1CCC(=O)N(C)C1C=CC=CC=CC(=O)C=[SH]C=O,False
CCC=CCC(=O)C=CC=CC=CC1C(C(=O)NCC(C)CCNC(=O)CCOCCOC)CCC(=O)N1C,False
C=CC=CC(=O)C=CC=CC=CC1C(C(=O)NCC(C)CCNC(=O)CCOCCOC)CCC(=O)N1C,False
COCCCC(=O)C=CC=CC=CC1C(C(=O)NCC(C)CCNC(=O)CCOCCOC)CCC(=O)N1C,False
CC=CC(=O)C=CC=CC=CC1C(C(=O)NCC(C)CCNC(=O)CCOCCOC)CCC(=O)N1C,False
CCCNCC(=O)C=CC=CC=CC1C(C(=O)NCC(C)CCNC(=O)CCOCCOC)CCC(=O)N1C,False
CC=COCC=CC(=O)C=CC=CC1C(C(=O)NCC(C)CCNC(=O)CCOCCOC)CCC(=O)N1C,False
C=COC(=O)C=CC=CC=CC1C(C(=O)NCC(C)CCNC(=O)CCOCCOC)CCC(=O)N1C,False
C=COCCC(=O)C=CC=CC=CC1C(C(=O)NCC(C)CCNC(=O)CCOCCOC)CCC(=O)N1C,False
CCOCCC(=O)C=CC=CC=CC1C(C(=O)NCC(C)CCNC(=O)CCOCCOC)CCC(=O)N1C,False
CC#CCCC(=O)C=CC=CC=CC1C(C(=O)NCC(C)CCNC(=O)CCOCCOC)CCC(=O)N1C,False
C=CCC(=O)C=CC=CC=CC1C(C(=O)NCC(C)CCNC(=O)CCOCCOC)CCC(=O)N1C,False
CNCCCC(=O)C=CC=CC=CC1C(C(=O)NCC(C)CCNC(=O)CCOCCOC)CCC(=O)N1C,False
COCCOCCC(=O)NCCC(C)CNC(=O)C1CCC(=O)N(C)C1C=CC=CC=CC([NH3+])=O,False
COCCOCCC(=O)NCCC(C)CNC(=O)C1CCC(=O)N(C)C1C=CC=CC=C(C)C=CC(C)=O,False
CCCOCC(=O)C=CC=CC=CC1C(C(=O)NCC(C)CCNC(=O)CCOCCOC)CCC(=O)N1C,False
CCC=COC(=O)C=CC=CC=CC1C(C(=O)NCC(C)CCNC(=O)CCOCCOC)CCC(=O)N1C,False
C=COCCC=CC(=O)C=CC=CC1C(C(=O)NCC(C)CCNC(=O)CCOCCOC)CCC(=O)N1C,False
C=CNCCC(=O)C=CC=CC=CC1C(C(=O)NCC(C)CCNC(=O)CCOCCOC)CCC(=O)N1C,False
C=CCC=CC(=O)C=CC=CC=CC1C(C(=O)NCC(C)CCNC(=O)CCOCCOC)CCC(=O)N1C,False
CCNCCC(=O)C=CC=CC=CC1C(C(=O)NCC(C)CCNC(=O)CCOCCOC)CCC(=O)N1C,False
COCCOCCC(=O)NCCC(C)CNC(=O)C1CCC(=O)N(C)C1C=CC=CC=CC(=O)CCC=[SH]C,False
COCCOCCC(=O)NCCC(C)CNC(=O)C1CCC(=O)N(C)C1C=CC=CC=CC(=O)CCCC=S,False
C=CCOCC(=O)C=CC=CC=CC1C(C(=O)NCC(C)CCNC(=O)CCOCCOC)CCC(=O)N1C,False
COCCOCCC(=O)NCCC(C)CNC(=O)C1CCC(=O)N(C)C1C=CC=CC=CC=C(C)C=O,False
COCCOCCC(=O)NCCC(C)CNC(=O)C1CCC(=O)N(C)C1C=CC=CC=CC(=O)CCC=O,False
C=CCSCC(=O)C=CC=CC=CC1C(C(=O)NCC(C)CCNC(=O)CCOCCOC)CCC(=O)N1C,False
COCCOCCC(=O)NCCC(C)CNC(=O)C1CCC(=O)N(C)C1C=CC=CC=CC(=O)CC=CCO,False
CC=CC=CC(C)=CC=CC=CC=CC1C(C(=O)NCC(C)CCNC(=O)CCOCCOC)CCC(=O)N1C,False
CC=CNCC(=O)C=CC=CC=CC1C(C(=O)NCC(C)CCNC(=O)CCOCCOC)CCC(=O)N1C,False
CC=CC(C)=CC=CC=CC=CC1C(C(=O)NCC(C)CCNC(=O)CCOCCOC)CCC(=O)N1C,False
C#CCCCC(=O)C=CC=CC=CC1C(C(=O)NCC(C)CCNC(=O)CCOCCOC)CCC(=O)N1C,False
COCCOCCC(=O)NCCC(C)CNC(=O)C1CCC(=O)N(C)C1C=CC=CC=CC=O,False
C=C[SH]=CCC(=O)C=CC=CC=CC1C(C(=O)NCC(C)CCNC(=O)CCOCCOC)CCC(=O)N1C,False
CC=CC(C)=CC(C)=CC=CC=CC1C(C(=O)NCC(C)CCNC(=O)CCOCCOC)CCC(=O)N1C,False
CCCCNC(=O)C=CC=CC=CC1C(C(=O)NCC(C)CCNC(=O)CCOCCOC)CCC(=O)N1C,False
C=CC=CSC=CC(=O)C=CC=CC1C(C(=O)NCC(C)CCNC(=O)CCOCCOC)CCC(=O)N1C,False
C=COCC(=O)C=CC=CC=CC1C(C(=O)NCC(C)CCNC(=O)CCOCCOC)CCC(=O)N1C,False
COCCOCCC(=O)NCCC(C)CNC(=O)C1CCC(=O)N(C)C1C=CC=CC=CC(=O)C=CC=CN,False
CC=CSOC(=O)C=CC=CC=CC1C(C(=O)NCC(C)CCNC(=O)CCOCCOC)CCC(=O)N1C,False
CC=CCOC(=O)C=CC=CC=CC1C(C(=O)NCC(C)CCNC(=O)CCOCCOC)CCC(=O)N1C,False
C=CCCC(=O)C=CC=CC=CC1C(C(=O)NCC(C)CCNC(=O)CCOCCOC)CCC(=O)N1C,False
COCCOCCC(=O)NCCC(C)CNC(=O)C1CCC(=O)N(C)C1C=CC=CC=CC(=O)CC=[SH]C=S,False
CCN=CCC(=O)C=CC=CC=CC1C(C(=O)NCC(C)CCNC(=O)CCOCCOC)CCC(=O)N1C,False
C=CC=CC=CCC(=O)C=CC=CC1C(C(=O)NCC(C)CCNC(=O)CCOCCOC)CCC(=O)N1C,False
COCC=CC(=O)C=CC=CC=CC1C(C(=O)NCC(C)CCNC(=O)CCOCCOC)CCC(=O)N1C,False
COCCOCCC(=O)NCCC(C)CNC(=O)C1CCC(=O)N(C)C1C=CC=CC=CC(=O)CC=O,False
COCCOCCC(=O)NCCC(C)CNC(=O)C1CCC(=O)N(C)C1C=CC=CC=CC(=O)CCCC=N,False
COCCOCCC(=O)NCCC(C)CNC(=O)C1CCC(=O)N(C)C1C=CC=CC=CC(=O)CCCCO,False
C=CCNCC(=O)C=CC=CC=CC1C(C(=O)NCC(C)CCNC(=O)CCOCCOC)CCC(=O)N1C,False
CC=Cc1ccccc1C=CC=CCCCC=CCCCC1(CO)CC(CO)N1C(=O)C1CCn2cnnc2C1,True
CC=Cc1ccccc1C=CC=CCC=CC=CCCCC1(CO)CC(CO)N1C(=O)C1CCn2cnnc2C1,False
C=CC=Cc1ccccc1C=CC=CCCCC=CCCCC1(CO)CC(CO)N1C(=O)C1CCn2cnnc2C1,True
C=CC=Cc1ccccc1C=CC=CCC=CC=CCCCC1(CO)CC(CO)N1C(=O)C1CCn2cnnc2C1,False
CC=CC=CC=CC=CC=CC=CC=CC=CC=CC=CC=CCC1(CO)CC(CO)N1C(=O)C1CCn2cnnc2C1,False
C=CC=CC(C)(C=C(C)CC=C)CCC1(CO)CC(CO)N1C(=O)C1CCn2cnnc2C1,True
C=CC=CC=CC=CC=CC=CC=CC=CCCCC=CCCCC1(CO)CC(CO)N1C(=O)C1CCn2cnnc2C1,False
C=Cc1ccccc1C=CC=CCC=CC=CCCCC1(CO)CC(CO)N1C(=O)C1CCn2cnnc2C1,False
CNC=Cc1ccccc1C=CC=CCC=CC=CCCCC1(CO)CC(CO)N1C(=O)C1CCn2cnnc2C1,False
CC=CC=CC=CCC=CC=CC=CC=CCC=CC=CCCCC1(CO)CC(CO)N1C(=O)C1CCn2cnnc2C1,False
CC=COc1ccccc1C=CC=CCCCC=CCCCC1(CO)CC(CO)N1C(=O)C1CCn2cnnc2C1,True
C=CC=CC=CC=CC=CC=CC=CC=CCC=CC=CCCCC1(CO)CC(CO)N1C(=O)C1CCn2cnnc2C1,False
O=CN1C=CC=CC1=CC=CC=CC1CCCC1CC1(CO)CC(CO)N1C(=O)C1CCn2cnnc2C1,True
CCCc1ccccc1C=CC=CC1CCCC1CC1(CO)CC(CO)N1C(=O)C1CCn2cnnc2C1,True
C=CC=CC=CC=CC=CC=CC=CCC=CC=CCCCC1(CO)CC(CO)N1C(=O)C1CCn2cnnc2C1,False
CC=Cc1ccccc1C=CC=CCCC=CC=CCCC1(CO)CC(CO)N1C(=O)C1CCn2cnnc2C1,True
C=CC=CC(C)=CC(C)(C=CC=C)CCC1(CO)CC(CO)N1C(=O)C1CCn2cnnc2C1,True
CCc1ccccc1C=CC=CCC=CC=CCCCC1(CO)CC(CO)N1C(=O)C1CCn2cnnc2C1,False
C=Cc1ccccc1C=CC=CC=CCC=CC=CCCCC1(CO)CC(CO)N1C(=O)C1CCn2cnnc2C1,False
C=CC=CC(C)(C=C(C)CC=CC)CCC1(CO)CC(CO)N1C(=O)C1CCn2cnnc2C1,True
CCC=Cc1ccccc1C=CC=CCC=CC=CCCCC1(CO)CC(CO)N1C(=O)C1CCn2cnnc2C1,False
CC=CC1=CCC=CC1=CC=CC=CCC=CC=CCCCC1(CO)CC(CO)N1C(=O)C1CCn2cnnc2C1,False
CC(C)=CC=CC=CC=CC=CC=CCC=CC=CCCCC1(CO)CC(CO)N1C(=O)C1CCn2cnnc2C1,False
CCc1ccccc1C=CC=CCCCC=CCCCC1(CO)CC(CO)N1C(=O)C1CCn2cnnc2C1,True
Cc1ccccc1C=CC=CCCCC=CCCCC1(CO)CC(CO)N1C(=O)C1CCn2cnnc2C1,True
Cc1ccccc1C=CC=CCC=CC=CCCCC1(CO)CC(CO)N1C(=O)C1CCn2cnnc2C1,False
C=Cc1ccccc1C=CC=CCCCC=CCCCC1(CO)CC(CO)N1C(=O)C1CCn2cnnc2C1,True
CNC=Cc1ccccc1C=CC=CCCCC=CCCCC1(CO)CC(CO)N1C(=O)C1CCn2cnnc2C1,True
C=CC(C)(C)CCC=C(C=CC)CCC1(CO)CC(CO)N1C(=O)C1CCn2cnnc2C1,True
C=CC=CC(C)=CCC(C)=C(C=CC)CCC1(CO)CC(CO)N1C(=O)C1CCn2cnnc2C1,True
CC=CCc1ccccc1C=CC=CC1CCCC1CC1(CO)CC(CO)N1C(=O)C1CCn2cnnc2C1,True
CC=CC=CC=CC=CC=CC=CC1CCCC1CC1(CO)CC(CO)N1C(=O)C1CCn2cnnc2C1,False
CC=CC1=CC=CC1=CC=CC=CCCCC=CCCCC1(CO)CC(CO)N1C(=O)C1CCn2cnnc2C1,False
C=Cc1ccccc1C=CC=CCCC=CC=CCCC1(CO)CC(CO)N1C(=O)C1CCn2cnnc2C1,True
CC=CNc1ccccc1C=CC=CCCCC=CCCCC1(CO)CC(CO)N1C(=O)C1CCn2cnnc2C1,True
C=CC=CC=CC=CC=CC=CC=CCCCC=CCCCC1(CO)CC(CO)N1C(=O)C1CCn2cnnc2C1,False
C=CC(C)C=CC=CC=CCc1ccccc1C=CCC1(CO)CC(CO)N1C(=O)C1CCn2cnnc2C1,False
C=CC=CC1=CC=CC=CC=C1C=CCCCC=CCCCC1(CO)CC(CO)N1C(=O)C1CCn2cnnc2C1,True
CC=CC(C)=CC=CCC=CC1CCCC1CC1(CO)CC(CO)N1C(=O)C1CCn2cnnc2C1,True
CCCCCC(CC)CC(C)CCC1(CO)CC(CO)N1C(=O)C1CCn2cnnc2C1,True
C=CC=CC=CCC(C)=C(C=CC)CCC1(CO)CC(CO)N1C(=O)C1CCn2cnnc2C1,True
CCC(CCCC(C)N)CC(C)CCC1(CO)CC(CO)N1C(=O)C1CCn2cnnc2C1,True
CC=CCc1ccccc1C=CC=CCC=CC=CCCCC1(CO)CC(CO)N1C(=O)C1CCn2cnnc2C1,False
C=CCc1ccccc1C=CC=CC1CCCC1CC1(CO)CC(CO)N1C(=O)C1CCn2cnnc2C1,True
C=NC=CC=CC=CC=CC=CC=CC=CCC=CC=CCCCC1(CO)CC(CO)N1C(=O)C1CCn2cnnc2C1,False
O=C(C1CCn2cnnc2C1)N1C(CO)CC1(CO)CCCC=CC=CCC=CC=CC=CC=Cc1ccccc1,False
CC=CNc1ccccc1C=CC=CCC=CC=CCCCC1(CO)CC(CO)N1C(=O)C1CCn2cnnc2C1,False
CCCc1ccccc1C=CC=CC=COCC1(CO)CC(CO)N1C(=O)C1CCn2cnnc2C1,True
NC=Cc1ccccc1C=CC=CCC=CC=CCCCC1(CO)CC(CO)N1C(=O)C1CCn2cnnc2C1,False
CC=CC=CC=CC=CC=CC=CCC=CC=CCCCC1(CO)CC(CO)N1C(=O)C1CCn2cnnc2C1,False
C=CCCc1ccccc1C=CC=CC1CCCC1CC1(CO)CC(CO)N1C(=O)C1CCn2cnnc2C1,True
C=CC=Cc1ccccc1C=CC=CCCC=CC=CCCC1(CO)CC(CO)N1C(=O)C1CCn2cnnc2C1,True
O=C(C1CCn2cnnc2C1)N1C(CO)CC1(CO)CCCC=CC=CCC=CC=Cc1ccccc1C=CS,False
C=CC=CC(C)(C=C(C)CC)CCC1(CO)CC(CO)N1C(=O)C1CCn2cnnc2C1,True
C=NC(C)C=CC=CC=CCc1ccccc1C=CCC1(CO)CC(CO)N1C(=O)C1CCn2cnnc2C1,False
C=CC=CC=CC=CC=CC=CCc1ccccc1C=CCC1(CO)CC(CO)N1C(=O)C1CCn2cnnc2C1,False
CCCCc1ccccc1C=CC=CC1CCCC1CC1(CO)CC(CO)N1C(=O)C1CCn2cnnc2C1,True
NC=NNNC=CC=CC=CC=CC1CCCC1CC1(CO)CC(CO)N1C(=O)C1CCn2cnnc2C1,False
C=C1CCC=C1CC(=O)C1CCCC1CC1(CO)CC(CO)N1C(=O)C1CCn2cnnc2C1,True
C=[SH]c1ccccc1C=CC=CCCCC=CCCCC1(CO)CC(CO)N1C(=O)C1CCn2cnnc2C1,False
COCC(O)=COC(=O)OCOCC(=O)OCCOCOCNNC(=O)c1[nH]c(C(=O)NO)ccccnc1C,False
CC(=O)C=COC(=O)OCOCC(=O)OCCOCOCNNC(=O)c1[nH]c(C(=O)NO)ccccnc1C,False
CCC(C)=COC(=O)OCOCC(=O)OCCOCOCNNC(=O)c1[nH]c(C(=O)NO)ccccnc1C,False
Cc1nccccc(C(=O)NO)[nH]c1C(=O)OCOC(O)C=O,True
CC(=O)C([NH])=COC(=O)OCOCC(=O)OCCOCOCNNC(=O)c1[nH]c(C(=O)NO)ccccnc1C,False
CC(=COC(=O)OCOCC(=O)OCCOCOCNNC(=O)c1[nH]c(C(=O)NO)ccccnc1C)C(=O)O,False
Cc1nccccc(C(=O)NO)[nH]c1C(=O)NNCOCOCCOC(=O)COCOC(=O)OC=CC=O,False
CCC(O)=COC(=O)OCOCC(=O)OCCOCOCNNC(=O)c1[nH]c(C(=O)NO)ccccnc1C,False
CC(=COC(=O)OCOCC(=O)OCCOCOCNNC(=O)c1[nH]c(C(=O)NO)ccccnc1C)COC=O,False
COCCOCOCC=COCOCC(=O)OCCOCOCNNC(=O)c1[nH]c(C(=O)NO)ccccnc1C,False
Cc1nccccc(C(=O)NO)[nH]c1C(=O)NNCOCOCCOC(=O)COCOC(=O)C(=O)OC(=O)C=O,False
Cc1nccccc(C(=O)NO)[nH]c1C(=O)NNCOCOCCOCC=O,True
CC(=COC(=O)OCOCC(=O)OCCOCOCNNC(=O)c1[nH]c(C(=O)NO)ccccnc1C)CC=O,False
Cc1nccccc(C(=O)NO)[nH]c1C(=O)NNCOCOCCOC(=O)COCOC(=O)OC=CCOC=O,False
CC=CC=CC=CC=Cc1ccccc1C=CC=CC=CC=CC=CC=CC=CC=CC=CC=Cc1[nH]c(C(=O)NO)ccccnc1C,False
Cc1nccccc(C(=O)NO)[nH]c1C(=O)NNCOCOCCOC(=O)COCOC(=O)OC=C(O)COC=O,False
Cc1nccccc(C(=O)NO)[nH]c1C(=O)NNCOCOCCOC(=O)COCOC(=O)OC=C(N)COC=O,False
Cc1nccccc(C(=O)NO)[nH]c1C(=O)NNCOCOCCOC(=O)COCCOCOCCOC(=O)CO,False
CC(=COC(=O)OCOCC(=O)OCCOCOCNNC(=O)c1[nH]c(C(=O)NO)ccccnc1C)C([NH])=O,False
CC(=O)C(C)=COC(=O)OCOCC(=O)OCCOCOCNNC(=O)c1[nH]c(C(=O)NO)ccccnc1C,False
CCC(=O)C(O)OCOCOCOCC(O)C(=O)COCOC(=O)c1[nH]c(C(=O)NO)ccccnc1C,False
COC(=O)OCCOCOCCOCC(=O)OCCOCOCNNC(=O)c1[nH]c(C(=O)NO)ccccnc1C,False
CCC=COC(=O)C(=O)OCOCC(=O)OCCOCOCNNC(=O)c1[nH]c(C(=O)NO)ccccnc1C,False
Cc1nccccc(C(=O)NO)[nH]c1C(=O)NNCOCOCCOC(=O)COCOC(=O)OC=C([NH])COC=O,False
CC(=O)C(N)=COC(=O)OCOCC(=O)OCCOCOCNNC(=O)c1[nH]c(C(=O)NO)ccccnc1C,False
CC(=O)C(O)=COC(=O)OCOCC(=O)OCCOCOCNNC(=O)c1[nH]c(C(=O)NO)ccccnc1C,False
Cc1nccccc(C(=O)NO)[nH]c1C(=O)OCOCC(=O)C(O)COCOCOCOCC=O,False
CC(C=O)=COC(=O)OCOCC(=O)OCCOCOCNNC(=O)c1[nH]c(C(=O)NO)ccccnc1C,False
C=COCC(O)=COC(=O)OCOCC(=O)OCCOCOCNNC(=O)c1[nH]c(C(=O)NO)ccccnc1C,False
C=CC=CC=CC=CC=CC=CC=CC=CC=CC=CC=CC=COC12CNC(C(=O)NO)C1=Cc1cccc3[nH]cc2c13,False
C=CC=CC=CC=CC=CC=CC=CC=CC=CC=CC=COC12CNC(C(=O)NO)C1=Cc1cccc3[nH]cc2c13,False
C=C(C)C=CC=CC=CC=CC=CC=CC=COC12CNC(C(=O)NO)C1=Cc1cccc3[nH]cc2c13,False
CC=CC(C)=CC=CC=CC=CC=CC=CC=CC=COC12CNC(C(=O)NO)C1=Cc1cccc3[nH]cc2c13,False
[NH3+]C12CNC(C(=O)NO)C1=Cc1cccc3[nH]cc2c13,True
CC(=CC=CC=CC=CC=COC12CNC(C(=O)NO)C1=Cc1cccc3[nH]cc2c13)C(C)(C)O,False
CC=CC=CC(C)=CC=CC=CC=CC=CC=CC=COC12CNC(C(=O)NO)C1=Cc1cccc3[nH]cc2c13,False
CC=CC=CC(C)C(C)=CC=CC=CC=CC=COC12CNC(C(=O)NO)C1=Cc1cccc3[nH]cc2c13,False
CC(O)C=CC=CC=CC=CC=CC=CC=COC12CNC(C(=O)NO)C1=Cc1cccc3[nH]cc2c13,False
CC(=O)C(C)C(C)=CC=CC=CC=CC=COC12CNC(C(=O)NO)C1=Cc1cccc3[nH]cc2c13,False
CC=CC=CC(C)=CC=CC=CC=CC=CC=CC=CC=COC12CNC(C(=O)NO)C1=Cc1cccc3[nH]cc2c13,False
CC(=CC=CC=CC=CC=COC12CNC(C(=O)NO)C1=Cc1cccc3[nH]cc2c13)C(C)C,False
C=C(C=CC)C=CC=CC=CC=CC=CC=CC=COC12CNC(C(=O)NO)C1=Cc1cccc3[nH]cc2c13,False
CC(C=O)=CC=CCC=CC=CC=CC=CC=COC12CNC(C(=O)NO)C1=Cc1cccc3[nH]cc2c13,False
COC(C)CCCCCCC(CC(C)=O)CC12CNC(C(=O)NO)C1=Cc1cccc3[nH]cc2c13,True
C=NC=CC=CC=CC=CC=CC=CC=CC=CC=CC=CC=COC12CNC(C(=O)NO)C1=Cc1cccc3[nH]cc2c13,False
CC=CC(=O)C(C)=CC=CC=CC=CC=CC=CC=COC12CNC(C(=O)NO)C1=Cc1cccc3[nH]cc2c13,False
C=CCC(C)C=CC=CC=CC=CC=CC=CC=COC12CNC(C(=O)NO)C1=Cc1cccc3[nH]cc2c13,False
CC=CC(=O)C(C)C(C)=CC=CC=CC=CC=COC12CNC(C(=O)NO)C1=Cc1cccc3[nH]cc2c13,False
CC=CC=CC=CC(C)=CC=CC=CC=CC=CC=CC=COC12CNC(C(=O)NO)C1=Cc1cccc3[nH]cc2c13,False
CCCC(=O)C(C)=CC=CC=CC=CC=COC12CNC(C(=O)NO)C1=Cc1cccc3[nH]cc2c13,False
CCOC(=O)CC(CCCCCCC(C)OC)CC12CNC(C(=O)NO)C1=Cc1cccc3[nH]cc2c13,True
C=CN=CC=CC=CC=CC=CC=CC=CC=CC=CC=CC=COC12CNC(C(=O)NO)C1=Cc1cccc3[nH]cc2c13,False
CC=CC=CC=CC=CC=CC=CC=CC=CC=COC12CNC(C(=O)NO)C1=Cc1cccc3[nH]cc2c13,False
O=CC=CC=CC=CC=CC=CC=CC=CC=COC12CNC(C(=O)NO)C1=Cc1cccc3[nH]cc2c13,False
CC(=CCC=CC=CCC=CC12CNC(C(=O)NO)C1=Cc1cccc3[nH]cc2c13)CCOCC=O,False
CC=CC=CC=CC=CC=CC=CC=CC=CC=COC12CNC(C(=O)NO)C1=Cc1cccc3[nH]cc2c13,False
C=CCC=CC=CC=CC=CC=CC=CC=CC=CC=COC12CNC(C(=O)NO)C1=Cc1cccc3[nH]cc2c13,False
CCC(C)C=CC=CC=CC=CC=CC=CC=COC12CNC(C(=O)NO)C1=Cc1cccc3[nH]cc2c13,False
C=CC=NC=CC=CC=CC=CC=CC=CC=CC=CC=CC=COC12CNC(C(=O)NO)C1=Cc1cccc3[nH]cc2c13,False
CN=CC=CC(C)=CC=CC=CC=CC=CC=CC=CC=COC12CNC(C(=O)NO)C1=Cc1cccc3[nH]cc2c13,False
CN=CC=CC=CC(C)=CC=CC=CC=CC=CC=CC=COC12CNC(C(=O)NO)C1=Cc1cccc3[nH]cc2c13,False
C=C(C)C(C)=CC=CC=CC=CC=CC=CC=COC12CNC(C(=O)NO)C1=Cc1cccc3[nH]cc2c13,False
CCOC(C)(C)C(C)=CC=CC=CC=CC=COC12CNC(C(=O)NO)C1=Cc1cccc3[nH]cc2c13,False
C=CC=COCC=CC=CC=CC=CC=CC=CC=CC=CC=COC12CNC(C(=O)NO)C1=Cc1cccc3[nH]cc2c13,False
O=C(NO)C1NCC2(OC=CC=CC=CC=CC=CC=CC=CC=CC=CC=CC=CS)C1=Cc1cccc3[nH]cc2c13,False
CC=CC=CC=CC(C)C(C)=CC=CC=CC=CC=COC12CNC(C(=O)NO)C1=Cc1cccc3[nH]cc2c13,False
CC(=O)C(C)=CC=CC=CC=CC=CC=CC=COC12CNC(C(=O)NO)C1=Cc1cccc3[nH]cc2c13,False
C=C(C)C(C)C(C)=CC=CC=CC=CCC=CC12CNC(C(=O)NO)C1=Cc1cccc3[nH]cc2c13,False
CSC=CC=CC=CC=CC=CC=CC=CC=CC=CC=CC=COC12CNC(C(=O)NO)C1=Cc1cccc3[nH]cc2c13,False
CCCC(C)C=CC=CC=CC=CC=CC=CC=COC12CNC(C(=O)NO)C1=Cc1cccc3[nH]cc2c13,False
C=CC(C)C=CC=CC=CC=CC=CC=CC=COC12CNC(C(=O)NO)C1=Cc1cccc3[nH]cc2c13,False
CC=CC(C)C(C)=CC=CC=CC=CCC=CC12CNC(C(=O)NO)C1=Cc1cccc3[nH]cc2c13,False
CC(C)=CC(C)C(C)=CC=CC=CC=CCC=CC12CNC(C(=O)NO)C1=Cc1cccc3[nH]cc2c13,False
COC(C)CCCCCCC(CC(=O)C=C=O)CC12CNC(C(=O)NO)C1=Cc1cccc3[nH]cc2c13,False
COC(C)CCCCCCC(CC(=O)C=O)CC12CNC(C(=O)NO)C1=Cc1cccc3[nH]cc2c13,False
C=CCC=CCC(C)=CC=CC=COC1CCN1c1ncc2ccc(-c3ccc(F)c(CO)c3)cc2n1,False
CN=CC=CC=CCC(C)=CC=COC1CCN1c1ncc2ccc(-c3ccc(F)c(CO)c3)cc2n1,False
C=CCC=CCC(C)=CCC=COOC1CCN1c1ncc2ccc(-c3ccc(F)c(CO)c3)cc2n1,True
C=CCC(C=CC=CC)=CCC=COOC1CCN1c1ncc2ccc(-c3ccc(F)c(CO)c3)cc2n1,False
CN=CC=CCC(C)=CC=CC=COC1CCN1c1ncc2ccc(-c3ccc(F)c(CO)c3)cc2n1,False
C=CCC=CCC(C)=CN=CC=COC1CCN1c1ncc2ccc(-c3ccc(F)c(CO)c3)cc2n1,True
CC=CC=CC=CCC(C)=CC=COC1CCN1c1ncc2ccc(-c3ccc(F)c(CO)c3)cc2n1,True
CC=CC=CCC(C)=CC=CC=COC1CCN1c1ncc2ccc(-c3ccc(F)c(CO)c3)cc2n1,False
C=CN=CC(C)=CC=CC=COC1CCN1c1ncc2ccc(-c3ccc(F)c(CO)c3)cc2n1,False
C=CC=CCC(C=CC)=CCC=COOC1CCN1c1ncc2ccc(-c3ccc(F)c(CO)c3)cc2n1,False
CC=CC=CC(=CC=COOC1CCN1c1ncc2ccc(-c3ccc(F)c(CO)c3)cc2n1)CC=CC,False
C=CCC(C=CC=CC)=CN=CC=COC1CCN1c1ncc2ccc(-c3ccc(F)c(CO)c3)cc2n1,False
CC=CC=CC=CCC=CC=CN=COC1CCN1c1ncc2ccc(-c3ccc(F)c(CO)c3)cc2n1,False
C=CNC(C)=CC=CC(=C)COC1CCN1c1ncc2ccc(-c3ccc(F)c(CO)c3)cc2n1,True
C=CC=CC=CCC(C)=CC=COC1CCN1c1ncc2ccc(-c3ccc(F)c(CO)c3)cc2n1,False
C=CNC(C=CC)=CCC=COOC1CCN1c1ncc2ccc(-c3ccc(F)c(CO)c3)cc2n1,True
C=CC=CCC(C)=CC=CC=COC1CCN1c1ncc2ccc(-c3ccc(F)c(CO)c3)cc2n1,False
C=CCC(C=CC=CC)=CC=COOC1CCN1c1ncc2ccc(-c3ccc(F)c(CO)c3)cc2n1,False
CC=CC(C)=CCC=COOC1CCN1c1ncc2ccc(-c3ccc(F)c(CO)c3)cc2n1,True
CC=CC=CC(=CC=COOC1CCN1c1ncc2ccc(-c3ccc(F)c(CO)c3)cc2n1)CC,True
C=CC=CC(C)=CC=CC=COC1CCN1c1ncc2ccc(-c3ccc(F)c(CO)c3)cc2n1,False
C=CC(C=CC)=CCC=COOC1CCN1c1ncc2ccc(-c3ccc(F)c(CO)c3)cc2n1,True
C=C(C=COC1CCN1c1ncc2ccc(-c3ccc(F)c(CO)c3)cc2n1)OC=CC=CC=CC,True
C=CC(C=CC=CC)=CC=COOC1CCN1c1ncc2ccc(-c3ccc(F)c(CO)c3)cc2n1,False
C=CC=CCC(C=C)=CN=CC=COC1CCN1c1ncc2ccc(-c3ccc(F)c(CO)c3)cc2n1,True
CN=CC=CCC(C)=CN=CC=COC1CCN1c1ncc2ccc(-c3ccc(F)c(CO)c3)cc2n1,False
CC=CCC(C)=CN=CC=CC=COC1CCN1c1ncc2ccc(-c3ccc(F)c(CO)c3)cc2n1,False
C=CCC=CC=CCC(C)=CC=COC1CCN1c1ncc2ccc(-c3ccc(F)c(CO)c3)cc2n1,False
CC=CC=CCC(C)=CN=CC=COC1CCN1c1ncc2ccc(-c3ccc(F)c(CO)c3)cc2n1,False
C=CC=CCC(C)=CN=CC=COC1CCN1c1ncc2ccc(-c3ccc(F)c(CO)c3)cc2n1,False
C=CCC(C)=CC(C)=CC=COC1CCN1c1ncc2ccc(-c3ccc(F)c(CO)c3)cc2n1,True
CC=CC=CC(=CC=COOC1CCN1c1ncc2ccc(-c3ccc(F)c(CO)c3)cc2n1)NC=CC,False
CC=CCC(C)=CC=CC=COC1CCN1c1ncc2ccc(-c3ccc(F)c(CO)c3)cc2n1,False
C=CCC(C)=CC=CC(=C)COC1CCN1c1ncc2ccc(-c3ccc(F)c(CO)c3)cc2n1,False
CC=CC=CC(=CC=COOC1CCN1c1ncc2ccc(-c3ccc(F)c(CO)c3)cc2n1)NC=NC,False
CC=CC(C=CC)=CCC=COOC1CCN1c1ncc2ccc(-c3ccc(F)c(CO)c3)cc2n1,True
C=CCC(C=CC)=CCC=COOC1CCN1c1ncc2ccc(-c3ccc(F)c(CO)c3)cc2n1,True
CC=CC=CC(C=CC)=CC=COOC1CCN1c1ncc2ccc(-c3ccc(F)c(CO)c3)cc2n1,False
C=CNC=CC=CCC(C)=CC=COC1CCN1c1ncc2ccc(-c3ccc(F)c(CO)c3)cc2n1,False
CC=CC=CCC(C)=CCC=COOC1CCN1c1ncc2ccc(-c3ccc(F)c(CO)c3)cc2n1,True
CC=CC=CC(C)=CC=CC=CC=COC1CCN1c1ncc2ccc(-c3ccc(F)c(CO)c3)cc2n1,False
C=CC=CN=CC=CC=CCCOC1CCN1c1ncc2ccc(-c3ccc(F)c(CO)c3)cc2n1,True
C=CC=CC(=C)C=CC=CN=COC1CCN1c1ncc2ccc(-c3ccc(F)c(CO)c3)cc2n1,False
C=CNC(C)=CC=COC(=C)OC1CCN1c1ncc2ccc(-c3ccc(F)c(CO)c3)cc2n1,True
CC=CC=CCC(C)=CC=COC1CCN1c1ncc2ccc(-c3ccc(F)c(CO)c3)cc2n1,False
C=CC=CC(C)=CN=CC=COC1CCN1c1ncc2ccc(-c3ccc(F)c(CO)c3)cc2n1,True
C=CC=CCC(C=CC)=CN=CC=COC1CCN1c1ncc2ccc(-c3ccc(F)c(CO)c3)cc2n1,False
C=CCC(C=NC=CC)=CCC=COOC1CCN1c1ncc2ccc(-c3ccc(F)c(CO)c3)cc2n1,False
C=CC=CC(C)=CC=CC(=C)COC1CCN1c1ncc2ccc(-c3ccc(F)c(CO)c3)cc2n1,False
C=CC=CCC(C)=CCC=COOC1CCN1c1ncc2ccc(-c3ccc(F)c(CO)c3)cc2n1,True
CC(=CC=CC=COC1CCN1c1ncc2ccc(-c3ccc(F)c(CO)c3)cc2n1)CC(C)C,False
C=CC=CCC(C)=CCC=COOC1CCN1c1ncc2ccc(-c3ccc(F)c(CO)c3)cc2n1,True
CC=CC=CC(=CC=COOC1CCN1c1ncc2ccc(-c3ccc(F)c(CO)c3)cc2n1)CC,True
C=CNC(C)=CC(C)=CC=COC1CCN1c1ncc2ccc(-c3ccc(F)c(CO)c3)cc2n1,True
C=CC=CC=CCC=CC=CN=COC1CCN1c1ncc2ccc(-c3ccc(F)c(CO)c3)cc2n1,False
CC=CC=CCC(=CC=CC=COC1CCN1c1ncc2ccc(-c3ccc(F)c(CO)c3)cc2n1)CC,False
C=CC=CN=CC=CC=CCCOC1CCN1c1ncc2ccc(-c3ccc(F)c(CO)c3)cc2n1,True
C=CC=CC(C=C)=CC(=C)COC1CCN1c1ncc2ccc(-c3ccc(F)c(CO)c3)cc2n1,True
C=CCC(C)=CC=COC(=C)OC1CCN1c1ncc2ccc(-c3ccc(F)c(CO)c3)cc2n1,True
CCC=CCC(C)=CC=CC=COC1CCN1c1ncc2ccc(-c3ccc(F)c(CO)c3)cc2n1,False
COCC=CCC(C)=CC=COC1CCN1c1ncc2ccc(-c3ccc(F)c(CO)c3)cc2n1,True
C=CC=CC=CCC(C)=CC=CC(C)=CC=CC(C)=CCC(C)CCCCCC(=O)N1CCCCN(C(=O)CCCC)C1,False
CCCCC(=O)N1CCCCN(C(=O)CCCCCC(C)CC=C(C)C=CC=C(C)C=CC=C(C)CC=C(C)C)C1,False
C=CC=CC=CC=CC=CC=CC=CC(C)=CC=CC(C)=CCC(C)CCCCCC(=O)N1CCCCN(C(=O)CCCC)C1,False
C=CC=CCC(C)=CC=CC(C)=CC=CC(C)=CCC(C)CCCCCC(=O)N1CCCCN(C(=O)CCCC)C1,False
C=C=CC=CCC(C)=CC=CC(C)=CC=CC(C)=CCC(C)CCCCCC(=O)N1CCCCN(C(=O)CCCC)C1,False
C=CC(C)=CC=CC=CC=CC(C)=CC=CC(C)=CCC(C)CCCCCC(=O)N1CCCCN(C(=O)CCCC)C1,False
CCCCC(=O)N1CCCCN(C(=O)CCCCCC(C)CC=C(C)C=CC=C(C)C=CC=CC=Cc2ccccc2)C1,False
CC=CC=CC=CC(C)=CC=CC(C)=CC=CC(C)=CCC(C)CCCCCC(=O)N1CCCCN(C(=O)CCCC)C1,False
CCCCC(=O)N1CCCCN(C(=O)CCCCCC(C)CC=C(C)C=C(O)C=CC=CC=C(C)CC=C(C)C)C1,False
C=CC=CC=CCC(C)=CC=CC=CC(O)=CC(C)=CCC(C)CCCCCC(=O)N1CCCCN(C(=O)CCCC)C1,False
CCCCC(=O)N1CCCCN(C(=O)CCCCCC(C)CC=C(C)C=C(C)C=CC=CC=C(C)CC=C(C)C)C1,False
C=C(C=CC=CC=CC=CC)C=CC=CC=CC=CC(C)=CCC(C)CCCCCC(=O)N1CCCCN(C(=O)CCCC)C1,False
CCCCC(=O)N1CCCCN(C(=O)CCCCCC(C)CC=C(C)C=CC=C(C)C(O)C=CC=CC=C(C)C)C1,False
C=CC=CC=CC=CC=CC=CC(C)=CC=CC(C)=CCC(C)CCCCCC(=O)N1CCCCN(C(=O)CCCC)C1,False
CCCCC(=O)N1CCCCN(C(=O)CCCCCC(C)CC=C(C)C=CC=CC=CC=CC=CC=C(C)C=C(C)C)C1,False
C=CC=CCC(C)=CC=CC=CC(O)=CC(C)=CCC(C)CCCCCC(=O)N1CCCCN(C(=O)CCCC)C1,False
C=C=CC=CC=CC=CC=CC=CC(C)=CC=CC(C)=CCC(C)CCCCCC(=O)N1CCCCN(C(=O)CCCC)C1,False
CCCCC(=O)N1CCCCN(C(=O)CCCCCC(C)CC=C(C)C=CC=C(C)C=CC=C(C)CC(C)CC)C1,False
C=C=CC=CCC(C)=CC=CC=CC(O)=CC(C)=CCC(C)CCCCCC(=O)N1CCCCN(C(=O)CCCC)C1,False
C=CC=CC(C)C=CC=CC=CC(C)=CC=CC(C)=CCC(C)CCCCCC(=O)N1CCCCN(C(=O)CCCC)C1,False
CCCCC(=O)N1CCCCN(C(=O)CCCCCC(C)CC=C(C)C=CC=C(C)C=CC=CC=C(C)C(C)C)C1,False
C=CC=CC(C)=CC=CC=CC=CC=CC=CC(C)=CCC(C)CCCCCC(=O)N1CCCCN(C(=O)CCCC)C1,False
CCCCC(=O)N1CCCCN(C(=O)CCCCCC(C)CC=C(C)C=CC=CC=CC=C(C)C=CC=CC=C(C)C)C1,False
CCCCC(=O)N1CCCCN(C(=O)CCCCCC(C)CC=C(C)C=C(O)C=CC=CC=C(C)CC(C)CC)C1,False
C=CC=CC=CC=CCC(O)=CC(C)=CC=CC(C)=CCC(C)CCCCCC(=O)N1CCCCN(C(=O)CCCC)C1,False
C=CC=CC=CC=CCCC=CC=CC=CC=CC(C)=CCC(C)CCCCCC(=O)N1CCCCN(C(=O)CCCC)C1,False
CCCCC(=O)N1CCCCN(C(=O)CCCCCC(C)CC=C(C)C=CC(O)C=C(C)C=CC=CC=C(C)C)C1,False
C=CCC(C)=CC=CC=CC=CC(C)=CC=CC(C)=CCC(C)CCCCCC(=O)N1CCCCN(C(=O)CCCC)C1,False
CCCCC(=O)N1CCCCN(C(=O)CCCCCC(C)CC=C(C)C=CC=CC=CC=C(C)C=CC=CC(C)CC)C1,False
CC=CC=CC=CC(O)=CC=CC(C)=CC=CC(C)=CCC(C)CCCCCC(=O)N1CCCCN(C(=O)CCCC)C1,False
CCCCC(=O)N1CCCCN(C(=O)CCCCCC(C)CC=C(C)C=CC=C(C)C=CC=CC=CC=CC=C(C)C)C1,False
C=CC=CC=CC=CC=CC=CC=CC=CC(O)=CC(C)=CCC(C)CCCCCC(=O)N1CCCCN(C(=O)CCCC)C1,False
C=C(C)C=CC=CC(C)=CC(O)C=CC(C)=CCC(C)CCCCCC(=O)N1CCCCN(C(=O)CCCC)C1,False
CCCCC(=O)N1CCCCN(C(=O)CCCCCC(C)CC=C(C)C=C(O)C=CC=CC=CC=CC=CC=C(C)C)C1,False
C=CC=CC=CC=CC=CC(C)C(C)=CC(C)=CCC(C)CCCCCC(=O)N1CCCCN(C(=O)CCCC)C1,False
CC=CC=CC=CC=CC(C)C(C)=CC(C)=CCC(C)CCCCCC(=O)N1CCCCN(C(=O)CCCC)C1,False
CCCCC(=O)N1CCCCN(C(=O)CCCCCC(C)CC=C(C)C=CC=CC=CC=CC(C)C=CC=C(C)C)C1,False
C=C=CC=CC=CCC(O)=CC(C)=CC=CC(C)=CCC(C)CCCCCC(=O)N1CCCCN(C(=O)CCCC)C1,False
C=C=CC(C)C=CC=CC=CC(C)=CC=CC(C)=CCC(C)CCCCCC(=O)N1CCCCN(C(=O)CCCC)C1,False
C=CC=CC(C)=CC=CC=CC(C)=CC=CC(C)=CCC(C)CCCCCC(=O)N1CCCCN(C(=O)CCCC)C1,False
C=CC=CC=CC=CC=CC=CC=CC(O)=CC(C)=CCC(C)CCCCCC(=O)N1CCCCN(C(=O)CCCC)C1,False
C=C=CC=CC=CC=CC=CC=CC=CC(O)=CC(C)=CCC(C)CCCCCC(=O)N1CCCCN(C(=O)CCCC)C1,False
CC=CC(C)=CC=CC=CC=CC(C)=CC=CC(C)=CCC(C)CCCCCC(=O)N1CCCCN(C(=O)CCCC)C1,False
C=CC=CC=CC(C)=CC(=C)C=CC=CC=CC(C)=CCC(C)CCCCCC(=O)N1CCCCN(C(=O)CCCC)C1,False
C=CC=CC=CCCC=CC=CC=CC=CC(C)=CCC(C)CCCCCC(=O)N1CCCCN(C(=O)CCCC)C1,False
C=CC=CC=CC(C)=CC=CC(C)=CC=CC(C)=CCC(C)CCCCCC(=O)N1CCCCN(C(=O)CCCC)C1,False
C=CC=CC=CC=CC(=C)C=CC=CC=CC=CC(C)=CCC(C)CCCCCC(=O)N1CCCCN(C(=O)CCCC)C1,False
C=CC=CCC(C)=CC=CC=CC(C)=CC(C)=CCC(C)CCCCCC(=O)N1CCCCN(C(=O)CCCC)C1,False
C=CC(C)=CC=CC(C)C=CC=CC=CC=CC(C)=CCC(C)CCCCCC(=O)N1CCCCN(C(=O)CCCC)C1,False
C=CC=CC=CCC(N)=CC=CC(C)=CC=CC(C)=CCC(C)CCCCCC(=O)N1CCCCN(C(=O)CCCC)C1,False
C=CC=CC=CCC(C)=CC=CC=CC(C)=CC(C)=CCC(C)CCCCCC(=O)N1CCCCN(C(=O)CCCC)C1,False
C=CC=CC=CC(C)=CC=CC=CC=CC=CC=CC(C)=CCC(C)CCCCCC(=O)N1CCCCN(C(=O)CCCC)C1,False
C=C(C=CC=CC=CC=CC=CC)C=CC=CC=CC(C)=CCC(C)CCCCCC(=O)N1CCCCN(C(=O)CCCC)C1,False
CCCCC(=O)N1CCCCN(C(=O)CCCCCC(C)CC=C(C)C=CC=C(C)C=CC=CC=CC=C(C)C)C1,False
CCC=CC=CC=CC=CC(C)=CC=CC(C)=CCC(C)CCCCCC(=O)N1CCCCN(C(=O)CCCC)C1,False
CC=CC=CCC(C)=CC=CC(C)=CC=CC(C)=CCC(C)CCCCCC(=O)N1CCCCN(C(=O)CCCC)C1,False
CCCCC(=O)N1CCCCN(C(=O)CCCCCC(C)CC=C(C)C=C(C)C=CC=CC=C(C)CC(O)CC)C1,False
C=CC=CC=CC=CCC(C)=CC=CC(O)=CC(C)=CCC(C)CCCCCC(=O)N1CCCCN(C(=O)CCCC)C1,False
C=CC=CC=CC(C)C=CC=CC(C)=CC=CC(C)=CCC(C)CCCCCC(=O)N1CCCCN(C(=O)CCCC)C1,False
C=C(C)C=COCC=CC=CON1NC2C(F)(F)C2(CO)CC1Cc1ccnc(CC)n1,True
CC=CC=CCC=CC=CC=CC1OCC23CC(Cc4ccnc(CC)n4)N1NC2C3(F)F,False
C=C(C)C(=C)C=CC=CC=CC1OCC23CC(Cc4ccnc(CC)n4)N1NC2C3(F)F,True
C=C(C)C=CC=CC=CC=CON1NC2C(F)(F)C2(CO)CC1Cc1ccnc(CC)n1,True
C=C(C=CC=CC(C)C)OCC=CN1NC2C(F)(F)C2(CO)CC1Cc1ccnc(CC)n1,True
C=CCC=CCOCOCN1NC2C(F)(F)C2(CO)CC1Cc1ccnc(CC)n1,True
CCc1nccc(CC2CC3(CO)C(NN2COCOCC=CCOC)C3(F)F)n1,True
C=C(C)C=CC=CC(C)C=CC=CN1NC2C(F)(F)C2(CO)CC1Cc1ccnc(CC)n1,True
C=C(C)C=CC=CC(C)OCC=CN1NC2C(F)(F)C2(CO)CC1Cc1ccnc(CC)n1,True
CCc1nccc(CC2CC3(CO)C(NN2COCOCCOC=C(C)C)C3(F)F)n1,True
CCC=CC=CC(C)C=CC=CN1NC2C(F)(F)C2(CO)CC1Cc1ccnc(CC)n1,True
C=C=CC=CC=CC=CC=CON1NC2C(F)(F)C2(CO)CC1Cc1ccnc(CC)n1,True
CCC=CC=CC=CC(C)C=CN1NC2C(F)(F)C2(CO)CC1Cc1ccnc(CC)n1,True
CC=COCC=CCOCOCN1NC2C(F)(F)C2(CO)CC1Cc1ccnc(CC)n1,False
C=C(C=CC=CC)C=CC=CC=CC1OCC23CC(Cc4ccnc(CC)n4)N1NC2C3(F)F,True
CC=CC=CC(O)C=CC=CON1NC2C(F)(F)C2(CO)CC1Cc1ccnc(CC)n1,True
CC=CC=CC=CC=CC=CON1NC2C(F)(F)C2(CO)CC1Cc1ccnc(CC)n1,True
C=C(C(C)=CON1NC2C(F)(F)C2(CO)CC1Cc1ccnc(CC)n1)C(C)CC,True
C=CC=CCC=CCOCOCN1NC2C(F)(F)C2(CO)CC1Cc1ccnc(CC)n1,False
CC=CCC=CCOCOCN1NC2C(F)(F)C2(CO)CC1Cc1ccnc(CC)n1,False
C=C(C(C)=CON1NC2C(F)(F)C2(CO)CC1Cc1ccnc(CC)n1)C(O)C=CC,True
CCc1nccc(CC2CC3(CO)C(NN2C=CCOC(C)C=CC=CC(C)C)C3(F)F)n1,False
CC=COCC=CC=CC=CON1NC2C(F)(F)C2(CO)CC1Cc1ccnc(CC)n1,True
CC=CCC(C)(C)OCC=CN1NC2C(F)(F)C2(CO)CC1Cc1ccnc(CC)n1,False
CCc1nccc(CC2CC3(CO)C(NN2C=CC=CC(C)C=CC=CC(C)C)C3(F)F)n1,False
CC=CC(C)C(C)OCC=CN1NC2C(F)(F)C2(CO)CC1Cc1ccnc(CC)n1,True
CC=CC(O)C=CC=CON1NC2C(F)(F)C2(CO)CC1Cc1ccnc(CC)n1,True
C=C(C)C=CC=CC=CC(C)=CON1NC2C(F)(F)C2(CO)CC1Cc1ccnc(CC)n1,False
C=CC(C)C=CC=CC(=C)OCC=CN1NC2C(F)(F)C2(CO)CC1Cc1ccnc(CC)n1,False
CC=CCCC=CC=CC=CC1OCC23CC(Cc4ccnc(CC)n4)N1NC2C3(F)F,False
CC=CCC=CC=CC=CON1NC2C(F)(F)C2(CO)CC1Cc1ccnc(CC)n1,True
CC=CC=CC(C)(C)C=CC=CN1NC2C(F)(F)C2(CO)CC1Cc1ccnc(CC)n1,True
CC=CC(C)(C)C=CC=CN1NC2C(F)(F)C2(CO)CC1Cc1ccnc(CC)n1,True
C=CCC(C)=COCCOCOCN1NC2C(F)(F)C2(CO)CC1Cc1ccnc(CC)n1,False
C=C=CC=COCC=CC=CON1NC2C(F)(F)C2(CO)CC1Cc1ccnc(CC)n1,False
C=C(C=CC=CCC)C=COCN1NC2C(F)(F)C2(CO)CC1Cc1ccnc(CC)n1,True
CCc1nccc(CC2CC3(CO)C(NN2OC=CC=CC=CC=CC(C)C)C3(F)F)n1,False
C=C(C=CCC)CC=CN1NC2C(F)(F)C2(CO)CC1Cc1ccnc(CC)n1,True
C=CCC=CC(=C)CC=CN1NC2C(F)(F)C2(CO)CC1Cc1ccnc(CC)n1,True
C=CC=CCCC=CC=CC=CC1OCC23CC(Cc4ccnc(CC)n4)N1NC2C3(F)F,True
CCc1nccc(CC2CC3(CO)C(NN2C=CC=CCC=CC=CC(C)C)C3(F)F)n1,True
CCC=COCCC=COCN1NC2C(F)(F)C2(CO)CC1Cc1ccnc(CC)n1,False
C=C(C)C=CC=CC(=C)C=COCN1NC2C(F)(F)C2(CO)CC1Cc1ccnc(CC)n1,True
C=CC=CC=CC(O)C=CC=CON1NC2C(F)(F)C2(CO)CC1Cc1ccnc(CC)n1,False
C=CCC=CC=CC(C)C=CC=CN1NC2C(F)(F)C2(CO)CC1Cc1ccnc(CC)n1,True
C=C(C=CC=CC(C)CC)OCC=CN1NC2C(F)(F)C2(CO)CC1Cc1ccnc(CC)n1,True
C=C(C=CC=CC(C)C)C=COCN1NC2C(F)(F)C2(CO)CC1Cc1ccnc(CC)n1,True
CCc1nccc(CC2CC3(CO)C(NN2C=CCOC(C)C=CC=CC(C)CC)C3(F)F)n1,False
C=C(C=CC=CC)CC=CN1NC2C(F)(F)C2(CO)CC1Cc1ccnc(CC)n1,True
CCC(C)=COCCOCOCN1NC2C(F)(F)C2(CO)CC1Cc1ccnc(CC)n1,False
C=C(C)C=CC(=C)CC=CN1NC2C(F)(F)C2(CO)CC1Cc1ccnc(CC)n1,True
CCc1nccc(CC2CC3(CO)C(NN2COC=CCCOC=CC(C)C)C3(F)F)n1,False
C=CC(=C)C=COCC=CC=CON1NC2C(F)(F)C2(CO)CC1Cc1ccnc(CC)n1,True
C=C(C=COCCC=COCN1NC2C(F)(F)C2(CO)CC1Cc1ccnc(CC)n1)CC,False
C=CC=CC=CC=CCCCN=CC(=CN=CC)NC(=O)c1cc2ccc(-c3cc(F)cc(F)c3O)cc2[nH]1,False
C=CC=CC=CC=CCCN=CC(=CN=CC)NC(=O)c1cc2ccc(-c3cc(F)cc(F)c3O)cc2[nH]1,False
C=CC=CC=CC=CC=CN=CC(=CN=CC)NC(=O)c1cc2ccc(-c3cc(F)cc(F)c3O)cc2[nH]1,False
CC=NC=C(C=NC=CC=CC=C(C)C)NC(=O)c1cc2ccc(-c3cc(F)cc(F)c3O)cc2[nH]1,False
C=CC=CC=CC=CC=CCN=CC(=CN=CC)NC(=O)c1cc2ccc(-c3cc(F)cc(F)c3O)cc2[nH]1,False
C=CC=CCC=CCCOCN=CC(=CN=CC)NC(=O)c1cc2ccc(-c3cc(F)cc(F)c3O)cc2[nH]1,False
CC=CC=CC=CCCOCN=CC(=CN=CC)NC(=O)c1cc2ccc(-c3cc(F)cc(F)c3O)cc2[nH]1,False
C=CC=C(C)C=CCCN=CC(=CN=CC)NC(=O)c1cc2ccc(-c3cc(F)cc(F)c3O)cc2[nH]1,False
C=CC=C(C)C=CCN=CC(=CN=CC)NC(=O)c1cc2ccc(-c3cc(F)cc(F)c3O)cc2[nH]1,True
C=CC=CC=CCCCN=CC(=CN=CC)NC(=O)c1cc2ccc(-c3cc(F)cc(F)c3O)cc2[nH]1,False
C=CC=CC=CC=CN=CC(=CN=CC)NC(=O)c1cc2ccc(-c3cc(F)cc(F)c3O)cc2[nH]1,False
CC=NC=C(C=NCCCC=CC=C(C)C)NC(=O)c1cc2ccc(-c3cc(F)cc(F)c3O)cc2[nH]1,False
C=CC(C)=CC=CC=CN=CC(=CN=CC)NC(=O)c1cc2ccc(-c3cc(F)cc(F)c3O)cc2[nH]1,False
CC=CC=CCCOCN=CC(=CN=CC)NC(=O)c1cc2ccc(-c3cc(F)cc(F)c3O)cc2[nH]1,False
C=CC=CC=CC=CCNCN=CC(=CN=CC)NC(=O)c1cc2ccc(-c3cc(F)cc(F)c3O)cc2[nH]1,False
C=CC=CC=CCCCCN=CC(=CN=CC)NC(=O)c1cc2ccc(-c3cc(F)cc(F)c3O)cc2[nH]1,False
CC=NC=C(C=NC=CC=CC=CCC)NC(=O)c1cc2ccc(-c3cc(F)cc(F)c3O)cc2[nH]1,False
C=CC(C)C=CCCCN=CC(=CN=CC)NC(=O)c1cc2ccc(-c3cc(F)cc(F)c3O)cc2[nH]1,False
CC=NC=C(C=NCOCCC=CC(C)C)NC(=O)c1cc2ccc(-c3cc(F)cc(F)c3O)cc2[nH]1,False
CC=CC=CCCCN=CC(=CN=CC)NC(=O)c1cc2ccc(-c3cc(F)cc(F)c3O)cc2[nH]1,False
C=CC(C)=CC=CCCN=CC(=CN=CC)NC(=O)c1cc2ccc(-c3cc(F)cc(F)c3O)cc2[nH]1,False
C=CC=CC=CCCCCCN=CC(=CN=CC)NC(=O)c1cc2ccc(-c3cc(F)cc(F)c3O)cc2[nH]1,False
C=CCC(C)=CC=CN=CC(=CN=CC)NC(=O)c1cc2ccc(-c3cc(F)cc(F)c3O)cc2[nH]1,False
CC=NC=C(C=NCCC=CC=C(C)C)NC(=O)c1cc2ccc(-c3cc(F)cc(F)c3O)cc2[nH]1,False
CC=NC=C(C=NCCCC(C)CCC)NC(=O)c1cc2ccc(-c3cc(F)cc(F)c3O)cc2[nH]1,True
CC=CC=CC=CC=CC=CN=CC(=CN=CC)NC(=O)c1cc2ccc(-c3cc(F)cc(F)c3O)cc2[nH]1,False
CC=CC=CC=CCC=CON=CC(=CN=CC)NC(=O)c1cc2ccc(-c3cc(F)cc(F)c3O)cc2[nH]1,False
C=CC=CC=CC=CCC=CN=CC(=CN=CC)NC(=O)c1cc2ccc(-c3cc(F)cc(F)c3O)cc2[nH]1,False
CC=NC=C(C=NCOCCC=C(C)NC)NC(=O)c1cc2ccc(-c3cc(F)cc(F)c3O)cc2[nH]1,False
C=CC=CC=CCCN=CC(=CN=CC)NC(=O)c1cc2ccc(-c3cc(F)cc(F)c3O)cc2[nH]1,False
C=CC=C(C)CCCN=CC(=CN=CC)NC(=O)c1cc2ccc(-c3cc(F)cc(F)c3O)cc2[nH]1,False
C=CC(C)=CCCCCN=CC(=CN=CC)NC(=O)c1cc2ccc(-c3cc(F)cc(F)c3O)cc2[nH]1,False
C=CC=CC=CCCOCN=CC(=CN=CC)NC(=O)c1cc2ccc(-c3cc(F)cc(F)c3O)cc2[nH]1,False
C=CC=CC(C)=CCN=CC(=CN=CC)NC(=O)c1cc2ccc(-c3cc(F)cc(F)c3O)cc2[nH]1,True
C=CC=CC=CC=CC#CN=CC(=CN=CC)NC(=O)c1cc2ccc(-c3cc(F)cc(F)c3O)cc2[nH]1,False
CC=NC=C(C=NCC=CC=CC=C(C)C)NC(=O)c1cc2ccc(-c3cc(F)cc(F)c3O)cc2[nH]1,False
CC=CC=CC=CCCCN=CC(=CN=CC)NC(=O)c1cc2ccc(-c3cc(F)cc(F)c3O)cc2[nH]1,False
CC=NC=C(C=NCCCCC(C)CCC)NC(=O)c1cc2ccc(-c3cc(F)cc(F)c3O)cc2[nH]1,False
C=CC=CC(C)=COCN=CC(=CN=CC)NC(=O)c1cc2ccc(-c3cc(F)cc(F)c3O)cc2[nH]1,False
CC=NC=C(C=NCCCC=CC=CCC)NC(=O)c1cc2ccc(-c3cc(F)cc(F)c3O)cc2[nH]1,False
CC=NC=C(C=NCOCCC=CCCC)NC(=O)c1cc2ccc(-c3cc(F)cc(F)c3O)cc2[nH]1,False
C=CC(C)=COCOCN=CC(=CN=CC)NC(=O)c1cc2ccc(-c3cc(F)cc(F)c3O)cc2[nH]1,False
CC=CC=CCC=CCCCN=CC(=CN=CC)NC(=O)c1cc2ccc(-c3cc(F)cc(F)c3O)cc2[nH]1,False
CC=NC=C(C=NCCC=CC=CCC)NC(=O)c1cc2ccc(-c3cc(F)cc(F)c3O)cc2[nH]1,False
CC=CC=CCCOCN=CC(=CN=CC)NC(=O)c1cc2ccc(-c3cc(F)cc(F)c3O)cc2[nH]1,False
C=CC=CCCCN=CC(=CN=CC)NC(=O)c1cc2ccc(-c3cc(F)cc(F)c3O)cc2[nH]1,True
CC=CC=CC=CCCN=CC(=CN=CC)NC(=O)c1cc2ccc(-c3cc(F)cc(F)c3O)cc2[nH]1,False
CC=CC=CC=CC=CCCN=CC(=CN=CC)NC(=O)c1cc2ccc(-c3cc(F)cc(F)c3O)cc2[nH]1,False
C=CCC(C)=CCCN=CC(=CN=CC)NC(=O)c1cc2ccc(-c3cc(F)cc(F)c3O)cc2[nH]1,False
C=CC=C(C)CC=CN=CC(=CN=CC)NC(=O)c1cc2ccc(-c3cc(F)cc(F)c3O)cc2[nH]1,False
CC=CC=CC=CCCCCN=CC(=CN=CC)NC(=O)c1cc2ccc(-c3cc(F)cc(F)c3O)cc2[nH]1,False
CC=CC=CC=CC=CN=CC(=CN=CC)NC(=O)c1cc2ccc(-c3cc(F)cc(F)c3O)cc2[nH]1,False
CC=NC=C(C=NCCCC=C(C)CCC)NC(=O)c1cc2ccc(-c3cc(F)cc(F)c3O)cc2[nH]1,False
CC=NC=C(C=NCCC=CC=CCN)NC(=O)c1cc2ccc(-c3cc(F)cc(F)c3O)cc2[nH]1,False
CC=NC=C(C=NCOCCC=C(C)CC)NC(=O)c1cc2ccc(-c3cc(F)cc(F)c3O)cc2[nH]1,False
CC=CC=CCCCCCCN=CC(=CN=CC)NC(=O)c1cc2ccc(-c3cc(F)cc(F)c3O)cc2[nH]1,False
CC=CC=CC=CC=CNCN=CC(=CN=CC)NC(=O)c1cc2ccc(-c3cc(F)cc(F)c3O)cc2[nH]1,False
CC=NC=C(C=NC=CCC(C)=CCC)NC(=O)c1cc2ccc(-c3cc(F)cc(F)c3O)cc2[nH]1,False
CC=NC=C(C=NCCCC=CC=C(C)N)NC(=O)c1cc2ccc(-c3cc(F)cc(F)c3O)cc2[nH]1,False
CC=NC=C(C=NCOCCC(C)OCC)NC(=O)c1cc2ccc(-c3cc(F)cc(F)c3O)cc2[nH]1,False
CC=CC=CC=CN=CC(=CN=CC)C(=O)Nc1cc2ccc(-c3cc(F)cc(F)c3O)cc2cn1,False
C=CC=CC=CC=CN=CC(=CN=CC)C(=O)Nc1cc2ccc(-c3cc(F)cc(F)c3O)cc2cn1,False
C=CC=CC=CN=CC(=CN=CC)C(=O)Nc1cc2ccc(-c3cc(F)cc(F)c3O)cc2cn1,False
CC=CC=CN=CC(=CN=CC)C(=O)Nc1cc2ccc(-c3cc(F)cc(F)c3O)cc2cn1,False
CC=NC=C(C=NC=CC(=O)NC)C(=O)Nc1cc2ccc(-c3cc(F)cc(F)c3O)cc2cn1,False
C=CC=CC=CCCN=CC(=CN=CC)C(=O)Nc1cc2ccc(-c3cc(F)cc(F)c3O)cc2cn1,False
CC=CC=CC=CON=CC(=CN=CC)C(=O)Nc1cc2ccc(-c3cc(F)cc(F)c3O)cc2cn1,False
CC=NC=C(C=NCC(C)CCC)C(=O)Nc1cc2ccc(-c3cc(F)cc(F)c3O)cc2cn1,False
C=CC=CC=COCN=CC(=CN=CC)C(=O)Nc1cc2ccc(-c3cc(F)cc(F)c3O)cc2cn1,False
CC=NC=C(C=NC=CC=CCCC)C(=O)Nc1cc2ccc(-c3cc(F)cc(F)c3O)cc2cn1,False
C=CC=CCC=CN=CC(=CN=CC)C(=O)Nc1cc2ccc(-c3cc(F)cc(F)c3O)cc2cn1,False
C=CCC=CN=CC(=CN=CC)C(=O)Nc1cc2ccc(-c3cc(F)cc(F)c3O)cc2cn1,False
CC=CC=CC=CNN=CC(=CN=CC)C(=O)Nc1cc2ccc(-c3cc(F)cc(F)c3O)cc2cn1,False
CC=NC=C(C=NC=CC=C(C)N)C(=O)Nc1cc2ccc(-c3cc(F)cc(F)c3O)cc2cn1,False
CC=NC=C(C=NC=CC=CO)C(=O)Nc1cc2ccc(-c3cc(F)cc(F)c3O)cc2cn1,True
C=CC=CC=CNCN=CC(=CN=CC)C(=O)Nc1cc2ccc(-c3cc(F)cc(F)c3O)cc2cn1,False
CC=NC=C(C=NC=C(O)CO)C(=O)Nc1cc2ccc(-c3cc(F)cc(F)c3O)cc2cn1,True
CC=NC=C(C=NC=CC=CCC)C(=O)Nc1cc2ccc(-c3cc(F)cc(F)c3O)cc2cn1,False
CC=CC=CC=CCN=CC(=CN=CC)C(=O)Nc1cc2ccc(-c3cc(F)cc(F)c3O)cc2cn1,False
CC=NC=C(C=NC=CC=CN)C(=O)Nc1cc2ccc(-c3cc(F)cc(F)c3O)cc2cn1,False
C=CC(O)=CN=CC(=CN=CC)C(=O)Nc1cc2ccc(-c3cc(F)cc(F)c3O)cc2cn1,False
CC=NC=C(C=NC=CC=C(C)O)C(=O)Nc1cc2ccc(-c3cc(F)cc(F)c3O)cc2cn1,True
CC=NC=C(C=NOC=C(C)C)C(=O)Nc1cc2ccc(-c3cc(F)cc(F)c3O)cc2cn1,False
C=CC=CCCN=CC(=CN=CC)C(=O)Nc1cc2ccc(-c3cc(F)cc(F)c3O)cc2cn1,False
CC=NC=C(C=NCCC=CC=O)C(=O)Nc1cc2ccc(-c3cc(F)cc(F)c3O)cc2cn1,False
C=CC(C)C=CC=CN=CC(=CN=CC)C(=O)Nc1cc2ccc(-c3cc(F)cc(F)c3O)cc2cn1,False
CC=CC=CNCCN=CC(=CN=CC)C(=O)Nc1cc2ccc(-c3cc(F)cc(F)c3O)cc2cn1,False
CC=NC=C(C=NC=CC=CC=CN)C(=O)Nc1cc2ccc(-c3cc(F)cc(F)c3O)cc2cn1,False
C=CC(=C)C=CC=CN=CC(=CN=CC)C(=O)Nc1cc2ccc(-c3cc(F)cc(F)c3O)cc2cn1,False
CC=CC=CN=CC(=CN=CC)C(=O)Nc1cc2ccc(-c3cc(F)cc(F)c3O)cc2cn1,False
CC=CC(C)CC=CN=CC(=CN=CC)C(=O)Nc1cc2ccc(-c3cc(F)cc(F)c3O)cc2cn1,False
CC=NC=C(C=NC=CC=CCCF)C(=O)Nc1cc2ccc(-c3cc(F)cc(F)c3O)cc2cn1,False
C=CC=COCN=CC(=CN=CC)C(=O)Nc1cc2ccc(-c3cc(F)cc(F)c3O)cc2cn1,False
CC=NC=C(C=NCCC(=O)NC)C(=O)Nc1cc2ccc(-c3cc(F)cc(F)c3O)cc2cn1,False
C=CC=CCC=CON=CC(=CN=CC)C(=O)Nc1cc2ccc(-c3cc(F)cc(F)c3O)cc2cn1,False
CC=NC=C(C=NCC(C)CNC)C(=O)Nc1cc2ccc(-c3cc(F)cc(F)c3O)cc2cn1,False
C=CC=CC=CC=CN=CC(=CN=CC)C(=O)Nc1cc2ccc(-c3cc(F)cc(F)c3O)cc2cn1,False
CC=CC=CCCCN=CC(=CN=CC)C(=O)Nc1cc2ccc(-c3cc(F)cc(F)c3O)cc2cn1,False
C=CC(C)OCN=CC(=CN=CC)C(=O)Nc1cc2ccc(-c3cc(F)cc(F)c3O)cc2cn1,False
CC=NC=C(C=NC=CC(=O)CC)C(=O)Nc1cc2ccc(-c3cc(F)cc(F)c3O)cc2cn1,False
CC=CCC=CCCN=CC(=CN=CC)C(=O)Nc1cc2ccc(-c3cc(F)cc(F)c3O)cc2cn1,False
CC=CC=CNC=CC=CN=CC(=CN=CC)C(=O)Nc1cc2ccc(-c3cc(F)cc(F)c3O)cc2cn1,False
CC=COCC=CN=CC(=CN=CC)C(=O)Nc1cc2ccc(-c3cc(F)cc(F)c3O)cc2cn1,False
CC=CCC=CC=CC=CN=CC(=CN=CC)C(=O)Nc1cc2ccc(-c3cc(F)cc(F)c3O)cc2cn1,False
C=CC=CC=CCN=CC(=CN=CC)C(=O)Nc1cc2ccc(-c3cc(F)cc(F)c3O)cc2cn1,False
C=COCC=CN=CC(=CN=CC)C(=O)Nc1cc2ccc(-c3cc(F)cc(F)c3O)cc2cn1,False
CC=NC=C(C=NC=CC=C(C)C)C(=O)Nc1cc2ccc(-c3cc(F)cc(F)c3O)cc2cn1,False
C=CC=CC=CON=CC(=CN=CC)C(=O)Nc1cc2ccc(-c3cc(F)cc(F)c3O)cc2cn1,False
CC=CC=CNCN=CC(=CN=CC)C(=O)Nc1cc2ccc(-c3cc(F)cc(F)c3O)cc2cn1,False
CC=NC=C(C=NCC(C)OCC)C(=O)Nc1cc2ccc(-c3cc(F)cc(F)c3O)cc2cn1,False
CC=NC=C(C=NC=CC=CC=CCC)C(=O)Nc1cc2ccc(-c3cc(F)cc(F)c3O)cc2cn1,False
CC=NC=C(C=NC=CC=C(C)N)C(=O)Nc1cc2ccc(-c3cc(F)cc(F)c3O)cc2cn1,False
CC=NC=C(C=NCCC=C(C)N)C(=O)Nc1cc2ccc(-c3cc(F)cc(F)c3O)cc2cn1,False
C=CC=CC(=C)C=CN=CC(=CN=CC)C(=O)Nc1cc2ccc(-c3cc(F)cc(F)c3O)cc2cn1,False
CC=NC=C(C=NOC=C(C)CN)C(=O)Nc1cc2ccc(-c3cc(F)cc(F)c3O)cc2cn1,False
CC=NC=C(C=NCCC(C)CO)C(=O)Nc1cc2ccc(-c3cc(F)cc(F)c3O)cc2cn1,True
